/Vout_NMOS (lP16=1.8e-06,wP16=3e-05,wN10=1.5e-05) X,/Vout_NMOS (lP16=1.8e-06,wP16=3e-05,wN10=1.5e-05) Y,/Vout_NMOS (lP16=1.8e-06,wP16=1e-05,wN10=3.5e-05) X,/Vout_NMOS (lP16=1.8e-06,wP16=1e-05,wN10=3.5e-05) Y,/Vout_NMOS (lP16=1.4e-06,wP16=2e-05,wN10=2.5e-05) X,/Vout_NMOS (lP16=1.4e-06,wP16=2e-05,wN10=2.5e-05) Y,/Vout_NMOS (lP16=1e-06,wP16=3e-05,wN10=1.5e-05) X,/Vout_NMOS (lP16=1e-06,wP16=3e-05,wN10=1.5e-05) Y
4.999999999999999e-10,0.02454070953638226,4.999999999999999e-10,0.0007021194414592172,4.999999999999999e-10,0.002019950354316118,4.999999999999999e-10,0.006787946963793543
5.003057352529999e-10,0.02268798068935318,5.004687499999999e-10,-0.0005642756355130383,5.00445567432e-10,0.0005606435951099572,5.00315993317e-10,0.00558267397977606
5.00587273364e-10,0.02079228820968167,5.009706523719999e-10,-0.002611987943892187,5.008964072839999e-10,-0.001577982476275267,5.00609637702e-10,0.00424918695233177
5.0084714821e-10,0.01895671489480856,5.01119913615e-10,-0.003336447258408111,5.010449950599999e-10,-0.002418513409067261,5.00884203149e-10,0.002894685498225686
5.011304985909999e-10,0.01695042688280156,5.012486532509999e-10,-0.003993577871948636,5.011936333899999e-10,-0.003297835457007834,5.01182258133e-10,0.001399775602290616
5.013954410809999e-10,0.01511526516319933,5.0142705477e-10,-0.00494203655689201,5.013343445289999e-10,-0.004150245413448419,5.014557560409999e-10,5.116787831265474e-05
5.016870533599999e-10,0.01316456625036063,5.01694292522e-10,-0.006418324644985761,5.014719361489999e-10,-0.004993027468993262,5.015346020219999e-10,-0.0003655720818508821
5.020694169489999e-10,0.01072468036180736,5.02053168045e-10,-0.008452501637608651,5.016668346729999e-10,-0.006188451842956777,5.0159926555e-10,-0.000712644603833028
5.02656695737e-10,0.00722118515622472,5.025114802489999e-10,-0.01105433398621821,5.01954053131e-10,-0.007928917223077087,5.016542331729999e-10,-0.001005447966775481
5.038312533119999e-10,0.0009646763876898853,5.030358525419999e-10,-0.01395167019971908,5.02486195311e-10,-0.01101991559478553,5.01729752805e-10,-0.001401702736726922
5.04145317649e-10,-0.0006069932684735106,5.0361666792e-10,-0.01699512605949426,5.030965697569999e-10,-0.01430172650721095,5.01794606214e-10,-0.00173686440219166
5.04425506691e-10,-0.00204183917180994,5.042887340519999e-10,-0.02026035243626871,5.038031477769999e-10,-0.01773982993818715,5.018822513899999e-10,-0.002183246704704597
5.045351679259999e-10,-0.002589735204365872,5.0509482675e-10,-0.02381740111547796,5.0471061211e-10,-0.02165100735705995,5.020030732789999e-10,-0.002787477221169698
5.046256653259999e-10,-0.003033880926109801,5.06112035303e-10,-0.0278211960864815,5.06012948987e-10,-0.0265049598021081,5.021861625419999e-10,-0.003680870474536869
5.047242604309999e-10,-0.003510912709218452,5.075149403219999e-10,-0.03268513313272515,5.06780449637e-10,-0.02903406824616164,5.02497162383e-10,-0.0051430436199544
5.048727345989999e-10,-0.004217556028272899,5.081782002589999e-10,-0.03477436145559456,5.076159256579999e-10,-0.03159300324300646,5.03069262333e-10,-0.007671662504432769
5.050772085129999e-10,-0.005169214447423649,5.095047201319999e-10,-0.03873676377763486,5.08285626741e-10,-0.03353858521807856,5.042134622339999e-10,-0.01221070263967682
5.053650267119999e-10,-0.006469251809308772,5.099751235589999e-10,-0.04009186408446127,5.096250289069999e-10,-0.037285070020139,5.049572160859999e-10,-0.01484391574194772
5.058510574959999e-10,-0.008568915610217269,5.10915930411e-10,-0.04278331237334462,5.10090069739e-10,-0.03855553043840153,5.064447237889999e-10,-0.01957081289308215
5.06823119065e-10,-0.01246163895553568,5.11424738788e-10,-0.04424175989194131,5.110201514019999e-10,-0.04109865091366418,5.0715666972e-10,-0.02162327942214213
5.07515246679e-10,-0.01501808055124821,5.12442355541e-10,-0.04721313287354027,5.115232577299999e-10,-0.04248730089995692,5.08580561583e-10,-0.02547682544248152
5.08899501905e-10,-0.01974041787700943,5.136377808119999e-10,-0.05087399378327818,5.125294703859999e-10,-0.04533987555961542,5.091046583589999e-10,-0.02682830874638693
5.093979637209999e-10,-0.02133194270348134,5.145906330759999e-10,-0.05398974550885443,5.13741991722e-10,-0.04900796032818466,5.1015285191e-10,-0.02948311557810613
5.10394887352e-10,-0.02440591397191507,5.153585425149999e-10,-0.05667855060202719,5.14710673842e-10,-0.05221855803579234,5.106347602609999e-10,-0.03069252969113438
5.10896067736e-10,-0.02590964823074425,5.160271616319999e-10,-0.05918781134147555,5.154881035399999e-10,-0.0550592457369101,5.115985769629999e-10,-0.03313204333285993
5.11898428505e-10,-0.02888655689223393,5.166611325089999e-10,-0.06174421045247147,5.16165026001e-10,-0.05779425951978747,5.13038929197e-10,-0.0369665846841666
5.133784317989999e-10,-0.03337257506789725,5.173437348639999e-10,-0.06472221216519353,5.168088134099999e-10,-0.06068385500528756,5.14203461812e-10,-0.04039949065193992
5.14566052202e-10,-0.0372421510291824,5.18358195763e-10,-0.06963487433353699,5.17504828835e-10,-0.06419102691504779,5.150956807079999e-10,-0.0433802687706596
5.154678310179999e-10,-0.04050464474196327,5.188678529739999e-10,-0.07233048380756367,5.18532026174e-10,-0.07021310333570124,5.15832853642e-10,-0.04619826916228392
5.162153341119999e-10,-0.04355401508618547,5.19356468673e-10,-0.07505895432075323,5.19061253967e-10,-0.0737296842813366,5.164918117739999e-10,-0.04909698410206825
5.16894597093e-10,-0.04670792037380787,5.198290982469999e-10,-0.07783137563003088,5.195699185789999e-10,-0.07737960595606298,5.171512279259999e-10,-0.05246235638768023
5.175931426089999e-10,-0.05044252851622993,5.2028086227e-10,-0.08060326152936527,5.20057502034e-10,-0.08112209038017695,5.17935578358e-10,-0.0572086438932313
5.184649037159999e-10,-0.05595553941641269,5.20733049854e-10,-0.08349929078754671,5.20519387084e-10,-0.08488042767990071,5.18508501182e-10,-0.06124599132583181
5.19083025342e-10,-0.06049936985720487,5.2120193344e-10,-0.08664169117387695,5.209799320089999e-10,-0.08882825464514248,5.191549335869999e-10,-0.06642382128650208
5.1973839119e-10,-0.06592931040666285,5.217058443859999e-10,-0.09021336443209792,5.21457272421e-10,-0.09313282676882456,5.197096804089999e-10,-0.07140002092028316
5.20306830308e-10,-0.0711561169103581,5.222799305869999e-10,-0.09464786376239502,5.21971406015e-10,-0.09803878734292526,5.201923618069999e-10,-0.07612004915427702
5.20807411789e-10,-0.07615445392070364,5.228962911589999e-10,-0.1001929893876639,5.225605588309999e-10,-0.1041215420061218,5.206558065629999e-10,-0.08097394860611278
5.212905713919999e-10,-0.08132916132077291,5.2337621551e-10,-0.1055356478042198,5.232868694059999e-10,-0.1127790995591477,5.21123825756e-10,-0.08616923552025288
5.21782541166e-10,-0.08696578082534169,5.23737248738e-10,-0.1104159510242123,5.23895585483e-10,-0.1218632911085529,5.216124231339999e-10,-0.09187588537202776
5.223043473649999e-10,-0.09340781096141551,5.241655184959999e-10,-0.1172814514868674,5.24345163941e-10,-0.1301280608545867,5.221410578539999e-10,-0.09834312356249188
5.228871519559999e-10,-0.1013557474421934,5.244734178389999e-10,-0.1229111553458273,5.24796213883e-10,-0.1397625585103368,5.227519020719999e-10,-0.1061785831730032
5.235897541549999e-10,-0.1126281596278113,5.24765815652e-10,-0.1286841281565095,5.25116599225e-10,-0.1472479968208008,5.23646342937e-10,-0.1183991715904917
5.242008983209999e-10,-0.124986970688843,5.250330880469999e-10,-0.1342011476480257,5.25414677625e-10,-0.1544496590537104,5.24161427416e-10,-0.1262161693924309
5.24671577652e-10,-0.1368872369035199,5.25327868213e-10,-0.1403926968878785,5.257244258519999e-10,-0.1618757877230611,5.246475858509999e-10,-0.134078625507298
5.25200898556e-10,-0.1532549678199741,5.25744682631e-10,-0.1490042526360714,5.26104101831e-10,-0.1703909144750891,5.251053045789999e-10,-0.1413719308227849
5.25610302901e-10,-0.1681361395553489,5.263007955889999e-10,-0.1595564000273078,5.266537165669999e-10,-0.1803043515030158,5.25464000283e-10,-0.1463894717757722
5.260113427879999e-10,-0.1843755820222413,5.26789269288e-10,-0.1674082409775771,5.272810959699999e-10,-0.1862037287688006,5.257955823689999e-10,-0.1497873072539526
5.26369081236e-10,-0.1999198492486758,5.2723969777e-10,-0.1731639649962914,5.278226284979999e-10,-0.1853214284642579,5.26129404908e-10,-0.1512147582022613
5.267417018169999e-10,-0.2167087903123158,5.27605647127e-10,-0.1766768913435304,5.282523396769999e-10,-0.1801118879231159,5.265160615999999e-10,-0.1492027762878162
5.27170950319e-10,-0.2360725008453124,5.279710932229999e-10,-0.1790956258034369,5.28615119448e-10,-0.1723931301025336,5.27049551162e-10,-0.1374408774553048
5.276932005069999e-10,-0.2583684472477126,5.283713203259999e-10,-0.1804825289447021,5.28965680811e-10,-0.1619618638955462,5.273368529479999e-10,-0.1259448285276926
5.28408047709e-10,-0.2837834171075034,5.28868092252e-10,-0.1803944602711041,5.293256349149999e-10,-0.148173323983633,5.27608597334e-10,-0.1111335707838073
5.290943715069999e-10,-0.2998472039200318,5.29493796933e-10,-0.1775367554088792,5.29657336679e-10,-0.132655216920244,5.278434622729999e-10,-0.09488962877724605
5.296725256479999e-10,-0.3054437302866751,5.30230332983e-10,-0.1704660554756837,5.299317662179999e-10,-0.1177012090626214,5.280310349219999e-10,-0.0794274952714835
5.30129445382e-10,-0.304134253850821,5.311138465099999e-10,-0.1570128968681357,5.30165975097e-10,-0.1033550782468263,5.2820358934e-10,-0.06315378944136224
5.30536610343e-10,-0.2985112668638131,5.31933808531e-10,-0.1397428351448951,5.304281133329999e-10,-0.085524959208451,5.28348932692e-10,-0.0479134643311431
5.30942020302e-10,-0.2887502207928589,5.325450277949999e-10,-0.1237277300980631,5.30688134356e-10,-0.06602271311725831,5.28498222896e-10,-0.03086103926415348
5.313792784809999e-10,-0.2737345155629879,5.330532994619999e-10,-0.1082928378227675,5.3088875388e-10,-0.04983946926303812,5.28624838112e-10,-0.01536715709404315
5.318672822229999e-10,-0.251813198491389,5.33401764362e-10,-0.09662342270943153,5.310408730569999e-10,-0.03699604562516538,5.287731240099999e-10,0.003849319023112846
5.32418114203e-10,-0.2209986396575701,5.3374240629e-10,-0.08443975028844274,5.311888286749999e-10,-0.0241034973692192,5.28998827605e-10,0.0350324450134415
5.326950691799999e-10,-0.2030850457607507,5.34058439644e-10,-0.07253723972657238,5.313597027379999e-10,-0.008804718889431738,5.290982324009999e-10,0.0493946258352209
5.329303089849999e-10,-0.1865768540725591,5.345122266339999e-10,-0.05463368256043651,5.31536681553e-10,0.007403838259650356,5.291843062629999e-10,0.06209067148978679
5.33204375267e-10,-0.165816918874502,5.351077366879999e-10,-0.03008534847000019,5.316422927719999e-10,0.01725464501831722,5.292812011319999e-10,0.07663735584028708
5.334702749349999e-10,-0.1440778753184665,5.357713714279999e-10,-0.00183971845887281,5.317413561799999e-10,0.02658854174482473,5.293815906569999e-10,0.09195970446901766
5.3361979486e-10,-0.1311770617663917,5.36316473381e-10,0.02179897646223302,5.31867914928e-10,0.03861499439159122,5.295823697059999e-10,0.1232204174549101
5.33802010758e-10,-0.1148834765056758,5.3672508819e-10,0.03969827343862632,5.31967295581e-10,0.04812511980254609,5.29831010221e-10,0.1627738693030021
5.33942788946e-10,-0.101933079870628,5.37067314332e-10,0.05474033064742838,5.321320293289999e-10,0.06398674214627677,5.30167727746e-10,0.2171594435346398
5.341315891619999e-10,-0.08418675924372013,5.373818355149999e-10,0.06857138563155743,5.323283896189999e-10,0.08300530009204803,5.305065935579999e-10,0.272148094743407
5.343737741589999e-10,-0.06099105362827283,5.37936278168e-10,0.09288684080489945,5.32699183838e-10,0.1190496919591617,5.30839274961e-10,0.3257814745384233
5.346668681079999e-10,-0.0325735071220946,5.3869464874e-10,0.1258773455800587,5.3310990006e-10,0.1589001462264845,5.311821676719999e-10,0.3801872640819995
5.34930928511e-10,-0.006859142424557801,5.395616532769999e-10,0.1630788832788867,5.33521906101e-10,0.1985375915087397,5.31549987859e-10,0.4371198272904424
5.351840849649999e-10,0.01776418001050135,5.4049031495e-10,0.2022334683665305,5.339606854499999e-10,0.2401405217811057,5.319571782609999e-10,0.4979738854477762
5.353835135259999e-10,0.03709995810678961,5.41532278614e-10,0.2452820553731986,5.344513514839999e-10,0.2857035442222459,5.32474230846e-10,0.5712206531278837
5.35533258435e-10,0.05154805346861439,5.428613211059999e-10,0.2987731763572805,5.350021912529999e-10,0.3354762794947684,5.33057306177e-10,0.6473293283517032
5.35668625358e-10,0.06454175290804796,5.4480446652e-10,0.3734886672759793,5.356268073569999e-10,0.3900185226526715,5.33549405874e-10,0.7055273596666949
5.359062423329999e-10,0.0871644772797972,5.456916342529999e-10,0.4058558595312253,5.36411817001e-10,0.4554835119445942,5.337747152459999e-10,0.7302905932108743
5.362564704189999e-10,0.1200146144789347,5.468133441479999e-10,0.4449950355012362,5.37512471988e-10,0.540742175854338,5.33996741181e-10,0.753620589098992
5.368325842149999e-10,0.1726023927796483,5.48030244685e-10,0.4851046512851938,5.386322463079999e-10,0.6186175830346154,5.342198960399999e-10,0.7760802482237946
5.37549363899e-10,0.2353230853862778,5.490603966269999e-10,0.5171272960356944,5.39772371875e-10,0.6882123384250681,5.345395942409999e-10,0.8067035065158031
5.38302548114e-10,0.2979065226018067,5.5e-10,0.5448225232233923,5.40384352035e-10,0.7216029231196263,5.349035499489999e-10,0.8395916169102619
5.39217557595e-10,0.369264097837554,5.501072480839999e-10,0.5479921681035868,5.40968608379e-10,0.7511941065635707,5.3541886582e-10,0.8830598628273231
5.39744027806e-10,0.4079187366345531,5.50223677104e-10,0.5514567373309871,5.41522512079e-10,0.7774336560596984,5.357973742569999e-10,0.9129354678504834
5.407969682259999e-10,0.4798929754133772,5.504038607749999e-10,0.556847973934375,5.42277498607e-10,0.8107583813470296,5.362278225729999e-10,0.9450320483767926
5.42032623856e-10,0.5554567791536882,5.50540512196e-10,0.5609516376852542,5.43054667502e-10,0.8425267060816254,5.36596211815e-10,0.9710395319520801
5.43388542159e-10,0.6279034926127878,5.507002802299999e-10,0.5657564641818155,5.440510321159999e-10,0.8800741092216896,5.371538527299999e-10,1.008079606290216
5.44332709597e-10,0.6722680496380417,5.509067173519999e-10,0.5719626355243788,5.448853770439999e-10,0.9091204812942087,5.37819788171e-10,1.048977378650825
5.45255586585e-10,0.7113843084682077,5.512589523139999e-10,0.5825087260727065,5.45857260106e-10,0.9405721787482709,5.38948532498e-10,1.111118129730891
5.460975159589999e-10,0.7439171091194079,5.51589671918e-10,0.5923283597715094,5.46851722259e-10,0.9704164530049983,5.403137978599999e-10,1.176102929720053
5.47210165277e-10,0.7831322300748242,5.51934863619e-10,0.602463273743189,5.48311599898e-10,1.010562155313604,5.416849371049999e-10,1.232108721694405
5.48649123313e-10,0.8287848582034676,5.52316614977e-10,0.6135099422795448,5.49155799949e-10,1.031980616682208,5.42949414776e-10,1.277003406321268
5.493245616559999e-10,0.8485416100761475,5.52738158416e-10,0.6254900985006533,5.5e-10,1.052238084127858,5.443050538859999e-10,1.319303296385393
5.5e-10,0.8674012564135312,5.532181026599999e-10,0.6388354460681835,5.50090796662e-10,1.054445316181933,5.4592963428e-10,1.363636671145762
5.500717705519999e-10,0.8694474228044907,5.537763596559999e-10,0.6539538687364321,5.501848447659999e-10,1.056747731200136,5.470705254499999e-10,1.391277038354376
5.50143400467e-10,0.8714969611072876,5.544385098959999e-10,0.6713216238605371,5.502903825619999e-10,1.059341485701448,5.485352627249999e-10,1.423377022054973
5.502394065629999e-10,0.8742379766741991,5.55243868126e-10,0.6916380642331725,5.503885990689999e-10,1.061759741624182,5.5e-10,1.452330552808083
5.503158824109999e-10,0.8764123865359469,5.562555911279999e-10,0.7159605452158382,5.505086223229999e-10,1.064715855904598,5.50133188734e-10,1.454986668325785
5.504134301479999e-10,0.8791726722766123,5.5758513757e-10,0.7460433152856303,5.50669852669e-10,1.068680713225798,5.502541648339999e-10,1.457401579601762
5.505242701589999e-10,0.8822900914432525,5.587167471139999e-10,0.7701111242236638,5.508720669569999e-10,1.073632147905873,5.503899697499999e-10,1.460098948038171
5.506370929319999e-10,0.8854418839566678,5.60106595962e-10,0.7979544482595762,5.510793419689999e-10,1.078673146103562,5.505127891319999e-10,1.462521780418358
5.50766602832e-10,0.8890331253950083,5.61573348984e-10,0.82551788592894,5.51304477217e-10,1.084100934001691,5.506533143259999e-10,1.465272776157929
5.5092226693e-10,0.8933126759570105,5.63904093127e-10,0.8660221258685878,5.515570996769999e-10,1.090126368827144,5.507855548899999e-10,1.467840451798021
5.51119547221e-10,0.8986810443420703,5.656230882739999e-10,0.893606526117262,5.518476974439999e-10,1.096968967729377,5.50933846254e-10,1.470695532967379
5.51385715606e-10,0.9058324425447778,5.674106106099999e-10,0.9204800111083054,5.52193026901e-10,1.104976787152715,5.51117602256e-10,1.474199097746346
5.51773508928e-10,0.9160797272088055,5.69644420189e-10,0.9517750458665062,5.52615738164e-10,1.114601049493688,5.513653846489999e-10,1.478866823500437
5.5241728101e-10,0.9326913919519003,5.724144623019999e-10,0.9874918122385955,5.53151985265e-10,1.126541368934348,5.51739002576e-10,1.485792407328112
5.53704825176e-10,0.9646300680544256,5.751501256209999e-10,1.019814665039853,5.53866899627e-10,1.14202106916945,5.52403710779e-10,1.497818121752429
5.542538795819999e-10,0.9777678412512624,5.776077002849999e-10,1.046642090619779,5.548957294189999e-10,1.163483557878454,5.53733127186e-10,1.520915387776481
5.55351988393e-10,1.003269519465232,5.79951193581e-10,1.070495552069713,5.556169681329999e-10,1.177988095667419,5.543036005689999e-10,1.530469656641408
5.56074587937e-10,1.019510294845628,5.822746673059999e-10,1.09265680103049,5.570594455609999e-10,1.205769898844379,5.554445473349999e-10,1.549025109830131
5.57519787025e-10,1.050765603848123,5.846118478689999e-10,1.11360496594218,5.580781881179999e-10,1.224455343699438,5.56214624775e-10,1.561156808743583
5.585878521339999e-10,1.072844014541817,5.87001764788e-10,1.133768756401943,5.59404359527e-10,1.247697800611758,5.57180400718e-10,1.57595179905132
5.599820197549999e-10,1.100409149519262,5.89476478593e-10,1.153437474954035,5.609828913719999e-10,1.273874197057292,5.58247996149e-10,1.591786306523023
5.61676769308e-10,1.132093838780962,5.920579543849999e-10,1.172767714048285,5.623428186959999e-10,1.295207891620925,5.595536032309999e-10,1.610439215214039
5.63134072478e-10,1.157819507478556,5.947659580219999e-10,1.191867322222567,5.65062673344e-10,1.334850451656292,5.61189751002e-10,1.632761115329037
5.65054180336e-10,1.189723483495546,5.976195186509999e-10,1.210813837198535,5.672060153529999e-10,1.363496040343904,5.62605583649e-10,1.65117529031994
5.66790792853e-10,1.216765127949896,6.006366932599999e-10,1.229657806366775,5.692221508179999e-10,1.388564489031216,5.65437248941e-10,1.685711394077935
5.6847990942e-10,1.241543694574528,6.03835467195e-10,1.248432417022613,5.71482256002e-10,1.414735560065686,5.679404638339999e-10,1.713908375306391
5.702780379689999e-10,1.266407918395832,6.07234284957e-10,1.267158681410707,5.738660992519999e-10,1.440362830382788,5.70473134489e-10,1.740434694380176
5.721596985679999e-10,1.290898692150452,6.10852159812e-10,1.285847164552657,5.76369924467e-10,1.465334547723091,5.734919459269999e-10,1.769730813138404
5.74130768509e-10,1.315025556577382,6.14708787967e-10,1.304499388563647,5.790553726139999e-10,1.490154613434265,5.76926911476e-10,1.800385748723973
5.762219162309999e-10,1.339070971431593,6.18824608141e-10,1.323108673595945,5.819365802799999e-10,1.514789135883224,5.806172219999999e-10,1.830573962996994
5.784474036029999e-10,1.363073602636748,6.232207462949999e-10,1.341660291656045,5.850244969149999e-10,1.539174316030162,5.84604477487e-10,1.860458653363064
5.808190612759999e-10,1.387027161221613,6.27918869692e-10,1.360131226654687,5.883412252879999e-10,1.563329448004628,5.889274565539999e-10,1.890138719682048
5.83352270053e-10,1.410945623678968,6.3294093158e-10,1.378489566079095,5.919073674159999e-10,1.587245452756354,5.93602269009e-10,1.919548185371377
5.86061673693e-10,1.434817699028029,6.383087554659999e-10,1.396693416090301,5.957429933969999e-10,1.610899245386384,5.98666631569e-10,1.948768985062753
5.889612127419999e-10,1.45861203306337,6.440433866469999e-10,1.414689171191364,5.99870719074e-10,1.634275468003177,6.04170276988e-10,1.977932784913452
5.920651365819999e-10,1.482289169745661,6.501640826809999e-10,1.432408795047159,6.043151430319999e-10,1.657360782139913,6.10168199703e-10,2.007172842677481
5.953877704849999e-10,1.505801395390016,6.56686711023e-10,1.44976551720209,6.091026941239999e-10,1.680141912900766,6.16726401385e-10,2.036650302793955
5.989434238279999e-10,1.529094193387545,6.636211666099999e-10,1.466647235831175,6.142619937179999e-10,1.702606238558129,6.239246445509999e-10,2.066557831389093
6.027465804189999e-10,1.552109487161533,6.70967337665e-10,1.482907940997507,6.19823734672e-10,1.724739570244708,6.318579064509999e-10,2.097116332624367
6.068120353799999e-10,1.57478785153345,6.787098333839999e-10,1.498362085198332,6.25820219041e-10,1.746522789623268,6.406391807289999e-10,2.128576331321383
6.111550222529999e-10,1.597070096283444,6.86814725731e-10,1.512794850017525,6.322845992279999e-10,1.767927944052933,6.5040143052e-10,2.161211733205119
6.157913522459999e-10,1.618898338795634,6.95235737224e-10,1.525997107365019,6.392495768499999e-10,1.7889131340931,6.612939148209999e-10,2.195283907486841
6.20737490654e-10,1.640216202449782,7.039307493919999e-10,1.53779993054464,6.467452646609999e-10,1.809415523622433,6.734563680649999e-10,2.230910263145234
6.2601051138e-10,1.660968058324245,7.128687854449999e-10,1.548064745068257,6.54795670185e-10,1.829341024525828,6.86919415164e-10,2.267688502445341
6.31627875543e-10,1.681097356884249,7.220118268819999e-10,1.556641011543346,6.634126609769999e-10,1.848547782080707,7.01380682872e-10,2.304106830010604
6.376069622209999e-10,1.700544084085862,7.312952837709999e-10,1.563355747644636,6.725854117349999e-10,1.866820972566849,7.16140863611e-10,2.337658164333349
6.439642593489999e-10,1.719241348436306,7.40635974649e-10,1.56805374230159,6.822642309039999e-10,1.883849682458902,7.304268132589999e-10,2.3658406078881
6.507140822199999e-10,1.737110987470816,7.453179873239999e-10,1.569622567478528,6.923492793669999e-10,1.899255270488183,7.402134066289999e-10,2.382154929680878
6.578665983209999e-10,1.754057820997421,7.499999999999999e-10,1.570659049291404,7.027178642479999e-10,1.912713948031753,7.499999999999999e-10,2.395560066926831
6.654247671689999e-10,1.769961821199185,7.502908682909999e-10,1.571109430809009,7.132904814329999e-10,1.924056295729935,7.503699129679999e-10,2.396552528959503
6.733795643629999e-10,1.784667630134682,7.505618183879999e-10,1.57162844722851,7.240418057639999e-10,1.933193445035039,7.507445145449999e-10,2.397574915791437
6.817029903689999e-10,1.797974313599132,7.508190957209999e-10,1.572214188244588,7.349313174279999e-10,1.939998844311785,7.51103569342e-10,2.398551755418736
6.90340894702e-10,1.809640118056939,7.510546770349999e-10,1.572819743516195,7.424656587139999e-10,1.943255878466197,7.513595630319999e-10,2.399243152756988
6.992156326379999e-10,1.819428124051187,7.513518471699999e-10,1.573657120710471,7.499999999999999e-10,1.945313327123866,7.515755374729999e-10,2.399822675920708
7.0825272102e-10,1.827182606702087,7.517251855189999e-10,1.574793342365438,7.502731330059999e-10,1.945789387888584,7.51829520466e-10,2.40050018277784
7.174180750949999e-10,1.832854646276014,7.520849393749999e-10,1.575951187141576,7.505629227769999e-10,1.946392301609537,7.522083863369999e-10,2.401504815366927
7.267205185719999e-10,1.836439416411763,7.524736145799999e-10,1.577248681035993,7.508045345309999e-10,1.946960525556883,7.529661180809999e-10,2.403501685303636
7.36174191376e-10,1.837909807498746,7.52907392185e-10,1.578734005067738,7.510256987349999e-10,1.947518709026438,7.53794810344e-10,2.405677594921966
7.43087095688e-10,1.837627522667587,7.534049587519999e-10,1.580468808152041,7.51318459925e-10,1.948291856071027,7.550696215279999e-10,2.40903209312862
7.499999999999999e-10,1.836217964306885,7.539925695419999e-10,1.582545213660477,7.51570036712e-10,1.948975468516577,7.558797552379999e-10,2.41117608749386
7.502787259299999e-10,1.836563625567415,7.54700778989e-10,1.58507537824037,7.518412438989999e-10,1.949723438370603,7.56785876249e-10,2.413591533703327
7.505607360919999e-10,1.836936267863177,7.555782409399999e-10,1.588243933823703,7.52157376806e-10,1.950603202132959,7.57571707902e-10,2.415703497780841
7.50844149237e-10,1.837315867038763,7.567078997459999e-10,1.592376322637233,7.525430740979999e-10,1.951683494478076,7.583253472899999e-10,2.417744501382538
7.510957263109999e-10,1.837651710116283,7.575481341709999e-10,1.595491147679771,7.530405749669999e-10,1.95308580444385,7.590132832869999e-10,2.41962040165942
7.512791814499999e-10,1.83789488605685,7.583441936409999e-10,1.598477154338009,7.53708479527e-10,1.954985450058648,7.603891552809999e-10,2.423401817415729
7.51484240297e-10,1.838164928226485,7.590530326169999e-10,1.601166553325704,7.546610701759999e-10,1.957737752830921,7.609527496549999e-10,2.424960220673761
7.517548564989999e-10,1.838519675741586,7.604707105679999e-10,1.606637878846313,7.55491544071e-10,1.960187291247789,7.620799384019999e-10,2.428082849153562
7.522720799179999e-10,1.83919910972225,7.610505902919999e-10,1.608912686115329,7.56378891911e-10,1.962865404193588,7.626036936649999e-10,2.429533796183666
7.530183872499999e-10,1.840197928125965,7.62210349738e-10,1.613526989686504,7.57206961487e-10,1.965428062878988,7.6365120419e-10,2.432422192804994
7.539657504409999e-10,1.841521886298504,7.627471367509999e-10,1.615691944918861,7.57989265488e-10,1.967910207627815,7.641449820159999e-10,2.433774039522051
7.547067806629999e-10,1.842614914307712,7.638207107769999e-10,1.620073276212558,7.587095018169999e-10,1.970251094515467,7.651325376689999e-10,2.436440915601172
7.561888411069999e-10,1.8449988397532,7.643209813009999e-10,1.622137102030028,7.601499744749999e-10,1.975102786695019,7.664629115299999e-10,2.439898393378858
7.569200228229999e-10,1.846282111735643,7.653215223469999e-10,1.626296180955199,7.607279389849999e-10,1.977114686385561,7.675958206809999e-10,2.442648016093903
7.583823862569999e-10,1.849091834699121,7.665609159859999e-10,1.6314706525615,7.61883868004e-10,1.98125273538509,7.68569955364e-10,2.444795260113279
7.590016399239999e-10,1.85038364557225,7.67628428845e-10,1.635897144481775,7.624157358399999e-10,1.983208115704238,7.694652032639999e-10,2.446520855557663
7.60240147258e-10,1.85316087471435,7.68556571944e-10,1.639667827377354,7.634794715129999e-10,1.987213109191349,7.70405175506e-10,2.448000705720877
7.60781454917e-10,1.85445728163116,7.69431721942e-10,1.643100275394398,7.639813909759999e-10,1.989145427984791,7.716646256809999e-10,2.449335353627724
7.618640702339999e-10,1.857203701243823,7.70384992234e-10,1.646636484275915,7.649852299019999e-10,1.993082451987372,7.724580085179999e-10,2.449769059270153
7.62371746345e-10,1.858562372851159,7.717308087889999e-10,1.651157960394928,7.663449263739999e-10,1.998526832268328,7.732500663669999e-10,2.449885348997635
7.63387098567e-10,1.861413492100273,7.724749881229999e-10,1.653407322448516,7.67486657576e-10,2.003135891716034,7.73966684344e-10,2.449734067600245
7.638717870939999e-10,1.862836625629888,7.73191627849e-10,1.65540853025846,7.684612289949999e-10,2.00702784361955,7.746495221229999e-10,2.449388048842668
7.648411641499999e-10,1.865796200296507,7.7387196168e-10,1.657176575764626,7.693524635549999e-10,2.01048226605131,7.753644461099999e-10,2.448846707747931
7.663095021819999e-10,1.870522805158735,7.745436948669999e-10,1.658823562670163,7.702803050339999e-10,2.013892630532872,7.76163902102e-10,2.448064879802918
7.675366205939999e-10,1.874628748191425,7.75260118645e-10,1.660509884846885,7.71495072496e-10,2.017945685294154,7.771260860289999e-10,2.446926842284046
7.685754856789999e-10,1.878133829642555,7.760736937059999e-10,1.662391711761818,7.72290283905e-10,2.020310657684692,7.784377850199999e-10,2.445073294652198
7.695051391939999e-10,1.881209261954687,7.770857162929999e-10,1.664773023480997,7.730975684249999e-10,2.022468067585701,7.792072294999999e-10,2.443817367918546
7.704423856329999e-10,1.884160775509841,7.785226327869999e-10,1.668401490206894,7.738170196039999e-10,2.024198592470864,7.803255289659999e-10,2.441696535997134
7.716025846479999e-10,1.887477695793889,7.79877175565e-10,1.672186308372246,7.74493687142e-10,2.025687697034812,7.814511510329999e-10,2.439073132334753
7.72020121696e-10,1.888567353933828,7.809611151639999e-10,1.675459700514086,7.751968582959999e-10,2.027130856585849,7.825305598429999e-10,2.435930198583216
7.72855195792e-10,1.890552166961388,7.819856361309999e-10,1.67867185775686,7.759785021389999e-10,2.02866459145471,7.836483681839999e-10,2.431837731935473
7.73668844735e-10,1.892242163195137,7.83052946545e-10,1.681984574258864,7.769101060199999e-10,2.030478686803243,7.848389722059999e-10,2.426342985114718
7.744027190979999e-10,1.893584524909901,7.841965276699999e-10,1.685241096215721,7.781625773979999e-10,2.033040031186862,7.861259096119999e-10,2.418906710991746
7.751159339249999e-10,1.894760668697104,7.8543743748e-10,1.688039675764595,7.788833649009999e-10,2.034620272550038,7.874919499199999e-10,2.409200850029013
7.758673371709999e-10,1.895913939042863,7.868001117779999e-10,1.689651061219772,7.800163681819999e-10,2.037297721473173,7.888301907439999e-10,2.397875369159555
7.767153768089999e-10,1.897183266655073,7.874754268609999e-10,1.689726928566496,7.811440297719999e-10,2.040159060601078,7.902207745249999e-10,2.384285944361867
7.777506251729999e-10,1.89880264385426,7.88826057029e-10,1.687899744996056,7.822100255809999e-10,2.042940250396,7.907874352209999e-10,2.378235593347954
7.792057073759999e-10,1.901428276727486,7.894731106889999e-10,1.68596910188198,7.833084563379999e-10,2.045707593606389,7.919207566149999e-10,2.365324362908962
7.80176620899e-10,1.903481952131626,7.907672180089999e-10,1.679614952237653,7.84475205377e-10,2.048274566627918,7.928233536199999e-10,2.354312219930712
7.813296244639999e-10,1.906269216586167,7.913943826029999e-10,1.675243337754375,7.85733476779e-10,2.050241612657788,7.945845682619999e-10,2.331119044757274
7.824786980819999e-10,1.909384616177142,7.92648711791e-10,1.663616546628766,7.87111272966e-10,2.050935850865915,7.959878749649999e-10,2.311078827642781
7.836111939489999e-10,1.91268709974021,7.936479928249999e-10,1.651395346123386,7.87779087249e-10,2.050601330764025,7.970894316649999e-10,2.29437669326761
7.847992481059999e-10,1.916240560566717,7.947101204999999e-10,1.635311855911542,7.89114715815e-10,2.04821893792567,7.986608278099999e-10,2.268994625992816
7.86074744413e-10,1.919925102493481,7.956922752399999e-10,1.617447487938412,7.89703839295e-10,2.046371965764252,7.99330413905e-10,2.257594357688333
7.874629581559999e-10,1.923457024091781,7.966654504709999e-10,1.596790141035195,7.908820862549999e-10,2.040977018515591,7.999999999999999e-10,2.2458169865447
7.881111010579999e-10,1.9248603679082,7.976085244669999e-10,1.573882915661736,7.91537765355e-10,2.036927403723392,8.001518020959999e-10,2.242764506692513
7.894073868609999e-10,1.926947307710848,7.988042622329999e-10,1.540669815208719,7.928491235559999e-10,2.026336894874585,8.002933511869999e-10,2.239866918892303
7.899778215179999e-10,1.927515998568227,7.999999999999999e-10,1.502799131743936,7.93998317463e-10,2.014137174036723,8.004469959619999e-10,2.236695583573085
7.9111869083e-10,1.927850929567378,8.00238534925e-10,1.494202332537268,7.951711740109999e-10,1.998679283976774,8.00598989006e-10,2.233556093587008
7.91835950694e-10,1.927454541594631,8.00461175835e-10,1.48596971990694,7.962244601049999e-10,1.982062645098879,8.008251019039999e-10,2.228914265680727
7.932704704209999e-10,1.925016412740203,8.007112253339999e-10,1.476449044454868,7.972793612459999e-10,1.962694534258184,8.01040684593e-10,2.224536394497123
7.94407388985e-10,1.921369794907976,8.009496170919999e-10,1.467135318804439,7.986396806229999e-10,1.933485082022731,8.012843211249999e-10,2.219653679862488
7.954698468749999e-10,1.91646299518087,8.012817349599999e-10,1.453866162564229,7.999999999999999e-10,1.89930808872848,8.015976515559999e-10,2.213477325879949
7.96454522368e-10,1.910528563225809,8.018114021619999e-10,1.4322567589722,8.002000740459999e-10,1.893418519123261,8.020429351449999e-10,2.204891437103378
7.974425189719999e-10,1.903153623734182,8.022896250609999e-10,1.412481942799535,8.004106366179999e-10,1.887033926654319,8.02785471803e-10,2.191036060581295
7.987212594859999e-10,1.891377401584954,8.027899337789999e-10,1.391712986699349,8.006699972709999e-10,1.878924963832576,8.04270545119e-10,2.164843053834873
7.999999999999999e-10,1.876972908475818,8.033498727709999e-10,1.368540595525355,8.008840700979999e-10,1.872077890682992,8.048794370609999e-10,2.154650129032788
8.001915424829999e-10,1.874121228892194,8.039816820579999e-10,1.342638132469484,8.011998805919999e-10,1.861826016068948,8.060972209429999e-10,2.135081594438966
8.003810630119999e-10,1.87121094378803,8.047207168879999e-10,1.312814058141033,8.01581130065e-10,1.849333788647088,8.06960605008e-10,2.121812924053397
8.00585089051e-10,1.868022289270747,8.056042596809999e-10,1.27797051567665,8.019520017539999e-10,1.837148067128356,8.080831655409999e-10,2.105228743006421
8.007759729769999e-10,1.865021141328233,8.06679961186e-10,1.236875397772369,8.023781742329999e-10,1.823180318190421,8.093916336119999e-10,2.08675124568319
8.010058612539999e-10,1.861413552261248,8.080105301369999e-10,1.18816341208122,8.028900247859999e-10,1.806516085664966,8.110999805089999e-10,2.063848736372992
8.012389930429999e-10,1.857777515569279,8.096680946459999e-10,1.130786479326777,8.03532675228e-10,1.785817321626461,8.125787540339999e-10,2.045033708904746
8.015188185959999e-10,1.853451284699746,8.10887563628e-10,1.090858980899363,8.043838180319999e-10,1.75883096903421,8.155363010829999e-10,2.00982816655345
8.019027711779999e-10,1.847585407043281,8.131168648169999e-10,1.022720818001058,8.055776093329999e-10,1.721847254810245,8.181548038459999e-10,1.981113025918463
8.02517970394e-10,1.838351177568841,8.146964055759999e-10,0.9780910187818884,8.063838665379999e-10,1.697458967047458,8.20709393369e-10,1.955150373439694
8.037483688249999e-10,1.82046300335685,8.159289024729999e-10,0.9452954738746009,8.073999129079999e-10,1.667427312046266,8.23559655889e-10,1.928440052697197
8.042952801089999e-10,1.812754774255771,8.170692144889999e-10,0.9164953947379616,8.085496731999999e-10,1.634425075433038,8.265647181339999e-10,1.902768023662588
8.053891026779999e-10,1.797769311453619,8.181283601079999e-10,0.891040922582898,8.099994285369999e-10,1.594371938650481,8.29668313226e-10,1.878869527655307
8.061315908389999e-10,1.787917159523526,8.191571774719999e-10,0.8674797487779743,8.118538574229999e-10,1.545830287959389,8.328912941139999e-10,1.856792062269619
8.07616567162e-10,1.768955140731259,8.201778308769999e-10,0.8452081023051455,8.13480426393e-10,1.505874008541765,8.362181016739999e-10,1.836826451683954
8.087443714429999e-10,1.755193405474588,8.212150834599999e-10,0.8236648801965536,8.151320604129999e-10,1.467932894774113,8.396390182939999e-10,1.819124688035716
8.102650835749999e-10,1.737469907085626,8.22282413168e-10,0.8026059527694485,8.168561498199999e-10,1.431257790191581,8.431682088079999e-10,1.803630093339665
8.115952269089999e-10,1.722720779415144,8.233946759579999e-10,0.7818133331826281,8.185722996309999e-10,1.397781942198662,8.468335526939999e-10,1.790181980897938
8.14255513577e-10,1.695200393255403,8.245656523149999e-10,0.7611442192076587,8.202805844789999e-10,1.367467970975529,8.506798321479999e-10,1.778525082651763
8.16622028827e-10,1.672826919591587,8.258110896219999e-10,0.7404766410895339,8.219902291769999e-10,1.340087074398058,8.547787050719999e-10,1.768288059214695
8.188915688269999e-10,1.653136814638307,8.271503768739999e-10,0.7196940883812094,8.236973889219999e-10,1.315599548034324,8.592467229079999e-10,1.758917452634352
8.213671171449999e-10,1.633524389621767,8.2861053994e-10,0.698646390212284,8.254057167749999e-10,1.293807784429766,8.642977306389999e-10,1.749445394413587
8.23941474969e-10,1.615083499770379,8.30231451122e-10,0.677116726221378,8.27124788286e-10,1.274439780745898,8.704470659779999e-10,1.7375754581601
8.265857125559999e-10,1.598101545586652,8.316666937189999e-10,0.6595481920365639,8.288653513019999e-10,1.257238303628605,8.784585866889999e-10,1.717312951205332
8.293349209109999e-10,1.582424473528464,8.34537178915e-10,0.6279829504040878,8.306400103159999e-10,1.241960695825166,8.863458318799999e-10,1.686503425380039
8.321911478789999e-10,1.568132557153924,8.36640781127e-10,0.6074523524677178,8.324636268979999e-10,1.228381609062176,8.922547779379999e-10,1.652709041430172
8.351547919919999e-10,1.555293578643377,8.38627403851e-10,0.5896739306032854,8.343532605399999e-10,1.216296522201312,8.970649804709999e-10,1.615984684763253
8.382380618479999e-10,1.543907836242141,8.409967900929999e-10,0.5699572474508209,8.363289186829999e-10,1.20551618242684,9.01238294136e-10,1.575344499528733
8.414560338889999e-10,1.533965119898504,8.433803600039999e-10,0.5512064024217832,8.38414982307e-10,1.19585715848683,9.048720190249999e-10,1.531120538169159
8.448275819309999e-10,1.525443838066314,8.45771628043e-10,0.5329501117571025,8.406424588969999e-10,1.187129065279302,9.080805113359999e-10,1.483276435102274
8.48378789556e-10,1.518306407423657,8.482662254179999e-10,0.5139441381325857,8.430529608799999e-10,1.179114439602216,9.10892916135e-10,1.433894151803984
8.521445299219999e-10,1.512502892346414,8.508593035579999e-10,0.4936613118569692,8.45706378143e-10,1.171532739687759,9.13321453308e-10,1.386369127961
8.56171760949e-10,1.507969707426054,8.535447898629999e-10,0.4714980657112799,8.48697704907e-10,1.163964451896511,9.154913616759999e-10,1.341162730057906
8.605262612589999e-10,1.504622017581008,8.563237300339999e-10,0.4467023467076929,8.522023288819999e-10,1.155650788660378,9.176145299499999e-10,1.295345267697025
8.653057619529999e-10,1.502335765034427,8.591844698889999e-10,0.4185457591496122,8.56489382496e-10,1.145155657688721,9.19888865154e-10,1.245267856537782
8.706701026749999e-10,1.500902534339108,8.621051156189999e-10,0.386376795430755,8.612547614139999e-10,1.131615791443968,9.223940641979999e-10,1.189505070749019
8.769277876919999e-10,1.499891738150729,8.650738507179999e-10,0.3495087172298428,8.663394955269999e-10,1.113220307611948,9.251069194479999e-10,1.128820011873216
8.849138813979999e-10,1.498067536738052,8.681279679879999e-10,0.3067991345453334,8.709708274919999e-10,1.091304297377178,9.280101992599999e-10,1.063749540140892
8.95109490661e-10,1.491562178737306,8.715201595829999e-10,0.2543544912430815,8.748641336899999e-10,1.067855951313698,9.312071412429999e-10,0.9920127285422408
9.041062040829999e-10,1.478474205283717,8.74287309964e-10,0.209972942508434,8.782446238699999e-10,1.042851726975787,9.348604761739998e-10,0.9098269107574736
9.109068127829999e-10,1.461501087602683,8.76273012369e-10,0.179155956130785,8.812462055199999e-10,1.016334048597012,9.372128395809999e-10,0.8566125260595671
9.16491194294e-10,1.440646918942272,8.780773018959999e-10,0.1532409652033612,8.839553896539999e-10,0.9883833646634032,9.394163401179999e-10,0.806314455428354
9.211703582479999e-10,1.41572284347557,8.797444597069999e-10,0.1316984421275088,8.864756496859999e-10,0.9585433291213082,9.413825221559999e-10,0.7608020583827212
9.250216801279999e-10,1.387276522376808,8.813583593749999e-10,0.1132070143901921,8.889108182879999e-10,0.9258464569376385,9.431294392589998e-10,0.719649200320148
9.28192603653e-10,1.356001342512555,8.83028331762e-10,0.09641472262306783,8.91391418062e-10,0.8882998495725161,9.44832236134e-10,0.6787803393317389
9.307993154189999e-10,1.323459823258807,8.848306198099999e-10,0.08068468906136633,8.941950218949999e-10,0.8402675444901131,9.46495675295e-10,0.6381843202657509
9.32945641601e-10,1.291559568539927,8.869295350179999e-10,0.06502896327420912,8.977773824759999e-10,0.7691889845014623,9.481085189979999e-10,0.5983572215076041
9.347545064529998e-10,1.261235057197691,8.892450507889999e-10,0.0504589803402606,9.007161883599999e-10,0.7011049313124835,9.497255706779999e-10,0.5581742353290591
9.363537478249999e-10,1.232150118354115,8.917953258029999e-10,0.03708269441614056,9.030451165759999e-10,0.639694578342492,9.514630213339999e-10,0.514927310086157
9.378558427929999e-10,1.20324892956539,8.948838827609999e-10,0.02429344697184688,9.051560147479999e-10,0.5782407042892044,9.53482650341e-10,0.4647809365199954
9.393445139939998e-10,1.173423972457349,8.97386409823e-10,0.01669644133037262,9.068497852189999e-10,0.525460988734353,9.559926114889999e-10,0.402927942567594
9.41300873555e-10,1.132913666262678,8.995237606349999e-10,0.01201802684922184,9.083701140209999e-10,0.4760445063894196,9.59171331694e-10,0.3259488566060195
9.430437885359999e-10,1.095934679746952,9.01894192899e-10,0.008353701222683094,9.100140578589999e-10,0.4211179999508348,9.635405933299999e-10,0.226554681231333
9.44792218787e-10,1.058266322488395,9.043376800399999e-10,0.005814201657610448,9.116377968829999e-10,0.3660479464454178,9.67033877785e-10,0.1591505612898307
9.46811620021e-10,1.014270549697361,9.065510340519999e-10,0.004289598345078719,9.132453580819999e-10,0.3115184853651501,9.698706443449999e-10,0.1160081202599271
9.4930050918e-10,0.9595460935234225,9.087781776309999e-10,0.003258721740793862,9.148665344429999e-10,0.2577291258246429,9.716510532709999e-10,0.09433745544521228
9.525880244339999e-10,0.8865954306866268,9.111977754609999e-10,0.002514670125494509,9.163714158729999e-10,0.2106861844858461,9.73203472594e-10,0.07854357170250383
9.550520567129999e-10,0.8313306443768682,9.136192033679999e-10,0.00202898593011166,9.176556624089999e-10,0.1743875204842913,9.75106699778e-10,0.06261689767185478
9.5684731321e-10,0.7905760093410482,9.15881670317e-10,0.001730229490546007,9.191455193439999e-10,0.1382898467977052,9.768871329519999e-10,0.05064129204202212
9.5843466166e-10,0.7540422859447702,9.180688587459999e-10,0.001534752658142961,9.205723873649999e-10,0.1100401132805843,9.798405282549999e-10,0.03565334674616111
9.598981215599998e-10,0.7198344215286482,9.203438581979999e-10,0.001394241534720381,9.216062652789999e-10,0.09307290862924751,9.824924459509999e-10,0.02623318916335281
9.613738431029998e-10,0.6847738661194729,9.230504683979999e-10,0.001278057543765101,9.225856215839999e-10,0.07936377678092335,9.849918220789999e-10,0.01995624386135085
9.62864008672e-10,0.6488212053506648,9.280364322359999e-10,0.001134513267406513,9.236610948259999e-10,0.06659095034682098,9.875867807479998e-10,0.0153658082143501
9.64413424066e-10,0.6109754037863325,9.316530317499999e-10,0.001062341511908813,9.247642792789999e-10,0.0556100566991141,9.903217344069999e-10,0.01202902308470128
9.657918153219999e-10,0.5770500499583581,9.347175454799999e-10,0.001011543997117192,9.263699470419999e-10,0.04276484850902968,9.93345442429e-10,0.009564427978655678
9.68548597834e-10,0.5089588704247573,9.381444925739999e-10,0.000960968470346272,9.279494535559999e-10,0.03306917320203264,9.968333354189999e-10,0.007762263006835152
9.705584548749998e-10,0.459431146313697,9.42636220605e-10,0.0009033915809182505,9.29405513719e-10,0.02618677751231131,9.999999999999999e-10,0.006760147972509429
9.725010127839999e-10,0.4118502090631543,9.50945021718e-10,0.0008222801197664562,9.316839345679998e-10,0.01830594460924228,1.000349431351e-09,0.005399808139296982
9.74882271927e-10,0.3541613779024128,9.602754681609999e-10,0.0007643683988705715,9.333495545789999e-10,0.01426912568079647,1.000690127844e-09,0.003830753538665767
9.78747056217e-10,0.263717326352424,9.701089070249998e-10,0.0007300057941387309,9.3491218498e-10,0.01145638324484004,1.001003929491e-09,0.002278312680388855
9.82640889341e-10,0.1827494136819963,9.820581377569999e-10,0.0007097404994859722,9.36670840076e-10,0.009107102454641929,1.001337825023e-09,0.0006197743877885865
9.855269830759999e-10,0.1339877638941202,9.910290688779998e-10,0.0007038549929608741,9.385806445129999e-10,0.007263869434774293,1.001502690472e-09,-0.000206122286571103
9.87524470364e-10,0.1067537154757363,9.999999999999999e-10,0.000702156260432734,9.40711617588e-10,0.005818994977882282,1.001668935783e-09,-0.001089115120344709
9.893757148729998e-10,0.08603430696354869,1.00046875e-09,-0.0005642337365416547,9.431895305629999e-10,0.004685508231065787,1.001726185013e-09,-0.001391128287828138
9.911866960919998e-10,0.06947918889983147,1.000971577843e-09,-0.002616281820136708,9.46136236441e-10,0.003824862074850213,1.001775352704e-09,-0.001646733123659075
9.93074230199e-10,0.05555182217874287,1.001120933769e-09,-0.003341478873912321,9.497406618769999e-10,0.003196286839599907,1.001838746548e-09,-0.001971888767620559
9.952264015779998e-10,0.04308368499358702,1.001249735504e-09,-0.003999138877681943,9.54332510438e-10,0.002753715293425078,1.001931445751e-09,-0.002440325586170152
9.97839649059e-10,0.03178810448754463,1.001428213266e-09,-0.004948240029233472,9.605103008219999e-10,0.002449118955846749,1.002048574931e-09,-0.003021614261690553
9.999999999999999e-10,0.02496110410635035,1.001695461457e-09,-0.0064248141401641,9.68560177499e-10,0.002253898889758297,1.002248685665e-09,-0.003989897739826083
1.000302383558e-09,0.02311502418236738,1.002053868761e-09,-0.008456446223086738,9.780422841529999e-10,0.002135484205157032,1.002586224402e-09,-0.005559091344019049
1.0005810052e-09,0.02122590959295162,1.002511779564e-09,-0.01105598677757464,9.891888374869998e-10,0.002058249565470521,1.00322036699e-09,-0.008316116491660483
1.000837885044e-09,0.01939851723404037,1.003036204652e-09,-0.0139535230419098,9.999999999999999e-10,0.002017319145162667,1.004488652167e-09,-0.01322195342651613
1.001118379335e-09,0.01739717418527989,1.003617136319e-09,-0.01699742012838892,1.00046875e-09,0.0004530915170108227,1.005244471401e-09,-0.01581746690774126
1.001381889082e-09,0.01555694710489072,1.004289377784e-09,-0.02026324550541999,1.001000405397e-09,-0.002166403891244413,1.006136705396e-09,-0.01863688700883616
1.001671242797e-09,0.01360466084185995,1.005095686913e-09,-0.02382089561605466,1.001134482272e-09,-0.002943747427722869,1.006924506e-09,-0.02095098137719814
1.00204974486e-09,0.01116746047020052,1.006113144246e-09,-0.0278252100669699,1.001258038527e-09,-0.003682270850320956,1.007693849404e-09,-0.02308837713279261
1.00262767973e-09,0.00768564218158836,1.007516437937e-09,-0.03268993519419453,1.001465488889e-09,-0.004943191165127181,1.008360083416e-09,-0.02486427071107308
1.003783549472e-09,0.001459595055685289,1.008179501639e-09,-0.03477834335321096,1.001636899287e-09,-0.005991904259600062,1.009692551441e-09,-0.0282965548530034
1.004148174112e-09,-0.0003483502341627491,1.009505629044e-09,-0.03873936464690083,1.001889478177e-09,-0.007525794108480998,1.010156166775e-09,-0.02946417477167301
1.004395049207e-09,-0.00162350613616729,1.009976012844e-09,-0.0400943848848648,1.002294459211e-09,-0.009914005110239762,1.011083397444e-09,-0.03179842509886103
1.004483582008e-09,-0.002072500584087927,1.010916780445e-09,-0.04278571724547071,1.002886611945e-09,-0.01319081037159014,1.011580920588e-09,-0.03306109674210719
1.004559602765e-09,-0.002451863312707359,1.011425562219e-09,-0.04424410760564999,1.003553436122e-09,-0.01655261978946075,1.012575966874e-09,-0.03565776357464505
1.004646008947e-09,-0.002877311211826021,1.012443125767e-09,-0.04721539987931794,1.004384971513e-09,-0.02029279874348458,1.013788488872e-09,-0.03907349562972807
1.004773121166e-09,-0.003493839344892627,1.013638355607e-09,-0.05087579231731337,1.005525884227e-09,-0.02476514737440195,1.014759279735e-09,-0.04214733238205225
1.004960398209e-09,-0.004383595569058638,1.014591059787e-09,-0.05399117972415596,1.006331485433e-09,-0.02755567310703751,1.015538492747e-09,-0.04495866622600733
1.005226341816e-09,-0.005611754066329664,1.015358891436e-09,-0.05667981637750203,1.007171064696e-09,-0.03022803586748773,1.016218334631e-09,-0.04777209539587263
1.00568693062e-09,-0.007649526642320704,1.016027484445e-09,-0.05918907803792524,1.007909190891e-09,-0.0324321155172374,1.016867341142e-09,-0.0508745927520927
1.006604373326e-09,-0.01141953278045335,1.016661477622e-09,-0.06174567559504033,1.009385443281e-09,-0.0366198454981179,1.017573602617e-09,-0.05482992423641282
1.007312795713e-09,-0.01410292686631807,1.017344178803e-09,-0.06472425950503463,1.009858046939e-09,-0.03791591787518988,1.018636218572e-09,-0.06214826425818926
1.008729640485e-09,-0.01903244852708197,1.018359279751e-09,-0.06964047751148843,1.010803254256e-09,-0.04049950593273349,1.01916693239e-09,-0.0664581278246064
1.009240865845e-09,-0.02068843831690544,1.018868799371e-09,-0.07233566221514015,1.011311376225e-09,-0.04189624936276234,1.019675516711e-09,-0.07100978425634234
1.010263316565e-09,-0.02387557354079149,1.019357256559e-09,-0.07506348967415864,1.012327620165e-09,-0.04475560080599549,1.020167528427e-09,-0.07579690130040692
1.01075293155e-09,-0.02535594216284664,1.019829835211e-09,-0.07783581211028054,1.013587143848e-09,-0.04852409544985477,1.0206359438e-09,-0.08068624721509784
1.011732161519e-09,-0.02827831097996678,1.020281609916e-09,-0.08060794898294185,1.01459331025e-09,-0.05181760065277193,1.021103781773e-09,-0.08586662121912492
1.01221459014e-09,-0.02971172146959027,1.02073383101e-09,-0.0835043955634905,1.015392422956e-09,-0.05470024996814626,1.0215893098e-09,-0.09152543672796222
1.013179447383e-09,-0.03262245499406324,1.021202766189e-09,-0.08664740385466055,1.016079631864e-09,-0.05744057111270701,1.022113450421e-09,-0.09792461268913125
1.014343807021e-09,-0.03634302034476201,1.021706765581e-09,-0.09022012955354212,1.016723649116e-09,-0.06029122129732284,1.022716803044e-09,-0.1056451522058436
1.015277560801e-09,-0.03963471403700653,1.022281041723e-09,-0.09465704560822623,1.017406036524e-09,-0.06367529558337968,1.023574130977e-09,-0.1173123352572419
1.016040024569e-09,-0.04265291210116324,1.022897157537e-09,-0.1002019153118951,1.018342896618e-09,-0.06903363680198606,1.02409946272e-09,-0.1252154486706041
1.016726614172e-09,-0.04573620347936173,1.023376749536e-09,-0.1055427730329131,1.018896508969e-09,-0.07261184111975248,1.024599931032e-09,-0.1332755917285983
1.017412042515e-09,-0.04926742789210925,1.023737705868e-09,-0.1104233486103446,1.019436445729e-09,-0.07640421861890405,1.025078797129e-09,-0.1409375924581897
1.018211338184e-09,-0.05409099120347233,1.024166030375e-09,-0.1172912665722996,1.019936119406e-09,-0.08017665862414528,1.025448196088e-09,-0.1461677561564652
1.018848321084e-09,-0.0585493921731457,1.02447386514e-09,-0.1229207079368665,1.020399746192e-09,-0.08389610338744721,1.0257802129e-09,-0.1496632361149129
1.019579353093e-09,-0.06439323332511929,1.024766215068e-09,-0.1286932797039038,1.020857781514e-09,-0.08777095612428483,1.026108103642e-09,-0.1512333203728685
1.020179164504e-09,-0.06978144059745975,1.025033504689e-09,-0.1342108866724769,1.021329275502e-09,-0.09196608929271194,1.026486792652e-09,-0.1496138439943931
1.020687326083e-09,-0.07476397183601928,1.025328383705e-09,-0.1404044772880949,1.021831994508e-09,-0.09668730542699312,1.027007226479e-09,-0.1390125203255841
1.021170536284e-09,-0.07985457109096078,1.025745566152e-09,-0.1490228087487004,1.022395994415e-09,-0.1023705307553506,1.02730806439e-09,-0.1275558359364659
1.021657648355e-09,-0.08534234419236379,1.026301328377e-09,-0.1595662219708732,1.023117612598e-09,-0.1106066351476715,1.027596005172e-09,-0.112246195514241
1.022169261241e-09,-0.09153292997740864,1.026789937358e-09,-0.1674179713445726,1.023768161784e-09,-0.1197868879680979,1.027836374323e-09,-0.09582113297177539
1.022731340937e-09,-0.09897711314504039,1.027239930897e-09,-0.1731663025727247,1.024239413607e-09,-0.1280735261934108,1.028023011357e-09,-0.08057542432500166
1.023407558388e-09,-0.1092997590542145,1.027605917259e-09,-0.1766785764274683,1.024692155399e-09,-0.1374518475837063,1.028193365471e-09,-0.0646567122136226
1.024043200564e-09,-0.121320575068179,1.027971330349e-09,-0.1790960743055884,1.025033439563e-09,-0.1452916040547958,1.028342223597e-09,-0.04916793946842549
1.024538313202e-09,-0.1330807113557012,1.028371678681e-09,-0.1804821601029523,1.025335090081e-09,-0.152543435591702,1.0284947331e-09,-0.03183149276911462
1.025025995628e-09,-0.1472709834265523,1.028868611776e-09,-0.1803920296588468,1.025636531407e-09,-0.1598168967044828,1.028623758194e-09,-0.01608627942689252
1.025490990473e-09,-0.1633822482435834,1.029494411797e-09,-0.177530864108931,1.025992188279e-09,-0.1680031417212293,1.028766909772e-09,0.002419596473889486
1.025892013232e-09,-0.179157380979567,1.030230974519e-09,-0.1704562669762978,1.026481437681e-09,-0.1776117950044291,1.028998243359e-09,0.03430589472811228
1.026257693554e-09,-0.1947601960330755,1.0311143847e-09,-0.1570007643201835,1.027184541522e-09,-0.1857050165734883,1.029078653217e-09,0.04589239277093395
1.026621632509e-09,-0.2110309738997671,1.031934185865e-09,-0.1397311680693694,1.027729206542e-09,-0.1858535171294856,1.029147459392e-09,0.05597920240900021
1.02702728935e-09,-0.2294203691919525,1.032545308219e-09,-0.1237169076305099,1.028207058555e-09,-0.180787607785438,1.02922499941e-09,0.06751750696979587
1.027511155205e-09,-0.2506546705906315,1.033053623391e-09,-0.1082794072151037,1.028574401371e-09,-0.1733366847480252,1.029306529955e-09,0.07982675066095421
1.028132733473e-09,-0.2747681791791179,1.033402151512e-09,-0.096606933349919,1.028922673753e-09,-0.163317408008268,1.029469591045e-09,0.104906342777987
1.02885635246e-09,-0.2953131692098852,1.033742773878e-09,-0.08442309590287746,1.02928278239e-09,-0.1498915867994329,1.029708015097e-09,0.142436828522366
1.029470476685e-09,-0.3044065375861263,1.034058824869e-09,-0.07251924576367405,1.029620520089e-09,-0.134419844075779,1.03002374911e-09,0.1931407783122254
1.029963932163e-09,-0.3052921266406251,1.034512776012e-09,-0.05460830898061963,1.029901734004e-09,-0.1193352425698485,1.030361863082e-09,0.2479889026164638
1.030384197442e-09,-0.3012292600885292,1.035107728384e-09,-0.03008241578826671,1.030138453851e-09,-0.1050150402201465,1.03069470009e-09,0.3018855367309348
1.030785654836e-09,-0.2931549984649707,1.035771849254e-09,-0.001815921144617159,1.030389293559e-09,-0.08817481839293553,1.031031179044e-09,0.3557259802109094
1.031208381411e-09,-0.2803317556025881,1.036316425336e-09,0.02180009173086124,1.030675148858e-09,-0.06692793032640904,1.031386295084e-09,0.4113773685101937
1.031674870523e-09,-0.2613060142410541,1.036725068968e-09,0.03970060504242434,1.030878550591e-09,-0.05057365226303981,1.031771349465e-09,0.4699348461547972
1.032201757247e-09,-0.2341026878462839,1.037067324927e-09,0.05474392405799935,1.031034781288e-09,-0.03740764441541275,1.032224319731e-09,0.5358963279541947
1.03268407872e-09,-0.2041479347694986,1.037381768607e-09,0.06857152554574557,1.031179598867e-09,-0.02480630181570623,1.032898812224e-09,0.626922082808165
1.032916974648e-09,-0.1878960040360845,1.037936237298e-09,0.09288804394719795,1.031350244424e-09,-0.009549633798193952,1.033483983364e-09,0.6977392405075415
1.033110345372e-09,-0.173485617845046,1.038694687139e-09,0.1258818635727804,1.031524135667e-09,0.006355565820443448,1.033726161167e-09,0.7246901228442636
1.033337722657e-09,-0.1554689882001254,1.039561711321e-09,0.1630840627475786,1.031637721648e-09,0.01693838533120541,1.033993489974e-09,0.7529540242594126
1.033579080725e-09,-0.135104787125679,1.040490360816e-09,0.2022379465438403,1.031748076741e-09,0.02733594318925225,1.034198657876e-09,0.7736659444399956
1.033749397309e-09,-0.1200264762695588,1.041532335979e-09,0.2452868081860554,1.031858184267e-09,0.03779795154688913,1.034531376463e-09,0.8056426595306214
1.033909314614e-09,-0.1054224106733675,1.04286145577e-09,0.2987807296137836,1.031949491223e-09,0.04652881410475713,1.034833503232e-09,0.8331299751532451
1.034061358856e-09,-0.09121799179911068,1.044804692544e-09,0.373499026502412,1.032103038701e-09,0.06129876075295387,1.035163796596e-09,0.8616869289368861
1.034314801577e-09,-0.06706074828532202,1.045691821031e-09,0.4058643882842357,1.032291038804e-09,0.07949070723624382,1.035516125516e-09,0.8906102814653276
1.034529784372e-09,-0.04627522884449071,1.046813502494e-09,0.4450021121642122,1.032662388968e-09,0.1155748092684381,1.03587759836e-09,0.9187887493611409
1.034723426303e-09,-0.02743474577256305,1.048030300559e-09,0.4851079801964299,1.033071967565e-09,0.1553276340553665,1.036288419283e-09,0.9491375238850999
1.034927775905e-09,-0.007514977381919979,1.049060486443e-09,0.5171314405135068,1.033481000837e-09,0.1947177773833109,1.036743955584e-09,0.9808770199099044
1.035143723113e-09,0.01350833421597864,1.05e-09,0.5448238506754582,1.033915748598e-09,0.2360045737533825,1.037305984947e-09,1.01750971856663
1.035294394801e-09,0.02814736604995681,1.050107245325e-09,0.5479934028599414,1.034401216432e-09,0.2811848626246465,1.037993273008e-09,1.058881180134596
1.035419615438e-09,0.0402730340627385,1.05022367239e-09,0.5514579018029543,1.034945658683e-09,0.3305195570817573,1.038952446023e-09,1.111086783338107
1.035542888736e-09,0.05216238884548312,1.050403848173e-09,0.5568488836786989,1.035560976816e-09,0.3844445047691964,1.040317676663e-09,1.176025947868476
1.03575071351e-09,0.07207590689717723,1.050540496716e-09,0.5609524470830157,1.036321795825e-09,0.4482311214657093,1.041681307847e-09,1.231743281570998
1.036047980686e-09,0.100228273199761,1.050700262229e-09,0.5657571822314152,1.037386668394e-09,0.5314753020592971,1.04293333109e-09,1.276262251610233
1.036518230825e-09,0.1438436024751465,1.050906694535e-09,0.5719631903000305,1.038491785682e-09,0.6094105594561112,1.044291459015e-09,1.318726419702362
1.037133915314e-09,0.199064470519913,1.051258934061e-09,0.5825093889307723,1.039609887262e-09,0.6789068919651153,1.045430362618e-09,1.350422858905055
1.037820992751e-09,0.2580362016446334,1.051589653737e-09,0.5923290002419054,1.040236559922e-09,0.7137649503973368,1.046543282678e-09,1.378516582485682
1.038616226171e-09,0.3227217595051277,1.051934843532e-09,0.6024638352941939,1.040855343231e-09,0.7456068063046376,1.047610415367e-09,1.403184476999102
1.039851995701e-09,0.415477854168923,1.052316592614e-09,0.6135104155795659,1.041398003052e-09,0.7716648428689741,1.048805207683e-09,1.428573887284379
1.040312222021e-09,0.4474859107307121,1.052738132745e-09,0.6254904565576946,1.042351188883e-09,0.8138918743350634,1.05e-09,1.45195242483773
1.04121568504e-09,0.5063544592760483,1.053218072868e-09,0.6388356698786937,1.043116332348e-09,0.8449757174224901,1.050115327488e-09,1.454256279171006
1.04223741778e-09,0.5667943457865079,1.053776324786e-09,0.6539539378996455,1.043835189964e-09,0.8722238550440822,1.050221632774e-09,1.456384336361072
1.043347276122e-09,0.6254627537997243,1.054438468373e-09,0.6713215059552754,1.044577740416e-09,0.8986290508424308,1.050345123079e-09,1.458846274838189
1.044305989582e-09,0.6706846719922845,1.055243817364e-09,0.6916377091072936,1.045422048382e-09,0.9267536042578818,1.050456355674e-09,1.461050458220425
1.045567930744e-09,0.72353151925434,1.056255526674e-09,0.7159598728296136,1.046589251249e-09,0.9627307097933926,1.050597077161e-09,1.463818870014778
1.046549596138e-09,0.7601641193392462,1.0575850512e-09,0.7460421909029523,1.047965151357e-09,1.001395721205495,1.050723621503e-09,1.466288499783706
1.04757081288e-09,0.7949172449343983,1.05871664509e-09,0.7701097245131121,1.048982575678e-09,1.027680599551113,1.050862650224e-09,1.468979953070506
1.04878540644e-09,0.8326921684019294,1.060106525488e-09,0.7979537371483411,1.05e-09,1.052251187273562,1.05103162114e-09,1.472221092526872
1.04939270322e-09,0.850329455587414,1.061573303982e-09,0.825517674400408,1.050101738511e-09,1.054726506632615,1.051252304697e-09,1.476407191208865
1.05e-09,0.867251514104192,1.06390411039e-09,0.8660229596900084,1.050205456727e-09,1.057267189599431,1.05157094951e-09,1.48236460869518
1.050068844597e-09,0.8692150573372889,1.065623150873e-09,0.8936080095145188,1.050318668349e-09,1.060050496349461,1.05209114383e-09,1.491892166283869
1.050137001166e-09,0.8711664811375477,1.067410727686e-09,0.9204821939017928,1.050424024294e-09,1.062644624232299,1.053131532471e-09,1.510317819534481
1.05022847888e-09,0.8737806554163974,1.069644551567e-09,0.9517772588056899,1.050552302172e-09,1.065802779192532,1.053657592355e-09,1.51934287661737
1.050301999649e-09,0.875873493705828,1.072414620383e-09,0.9874941621376438,1.05073149126e-09,1.070204143503094,1.054709712124e-09,1.536888045943709
1.050395125143e-09,0.8785123708020994,1.075150311045e-09,1.01981713393283,1.050935483328e-09,1.075189231462021,1.055390971213e-09,1.547913151309418
1.0505053448e-09,0.881617299429662,1.077607926601e-09,1.046644818375485,1.051147107546e-09,1.080322742573527,1.056753489391e-09,1.569240632288991
1.050616325223e-09,0.8847228764477556,1.079951472887e-09,1.070498628544349,1.051379677794e-09,1.085912010267292,1.057718273384e-09,1.58378524426
1.050742772191e-09,0.8882356201014758,1.082275007148e-09,1.092660251190734,1.051642113589e-09,1.092147848020844,1.058959437851e-09,1.601851517189624
1.050893701923e-09,0.8923934331875691,1.084612255512e-09,1.113608804047642,1.051947052063e-09,1.099296138616971,1.060415102436e-09,1.622157481590124
1.051083010745e-09,0.8975568220164729,1.087002248293e-09,1.133772995165602,1.052312659147e-09,1.107729470335469,1.062331460119e-09,1.647519786814691
1.051335460024e-09,0.9043584493524688,1.089477046579e-09,1.153442122945682,1.052764632316e-09,1.117954931796459,1.063985905895e-09,1.668233119798079
1.051697231673e-09,0.9139521500112366,1.092058616319e-09,1.172772778182874,1.053345575791e-09,1.130789949506868,1.065888502774e-09,1.690795352022009
1.052280134049e-09,0.9290706423983516,1.094766724476e-09,1.191872808904201,1.054135101373e-09,1.147713944358189,1.068234856674e-09,1.716924550473782
1.0534459388e-09,0.9582261238329191,1.09762040139e-09,1.210819751892929,1.055308288405e-09,1.171844243339337,1.070871575108e-09,1.74427023411786
1.053976104336e-09,0.9710446202293869,1.10063770535e-09,1.229664153363026,1.056081226509e-09,1.187114113631921,1.073870083794e-09,1.773067480833322
1.055036435408e-09,0.9959448056152672,1.103836623124e-09,1.248439199203334,1.057032513868e-09,1.205267958836101,1.077287141128e-09,1.803279415591442
1.055723061191e-09,1.011567680939408,1.107235600749e-09,1.267165899832087,1.058076164566e-09,1.2244169281527,1.0810069661e-09,1.833444380947843
1.057096312759e-09,1.041690543000662,1.110853653124e-09,1.285854817949194,1.059343647678e-09,1.246654699779183,1.085023920426e-09,1.863292100882464
1.058089361534e-09,1.06256721546187,1.114710478174e-09,1.304507472783893,1.060917987539e-09,1.272821547020513,1.089376244729e-09,1.892920308577182
1.059368044932e-09,1.088369027225732,1.118826516409e-09,1.323117180926418,1.062281812085e-09,1.294265519939451,1.094088617028e-09,1.922319218018754
1.060883026224e-09,1.117429342289818,1.1232228956e-09,1.341669210007916,1.065009461178e-09,1.334102908881329,1.099195773655e-09,1.951545087539674
1.062189798276e-09,1.141237122935264,1.127921284794e-09,1.360140538571367,1.067150696348e-09,1.36277382655273,1.104746414464e-09,1.980720732213386
1.06480334238e-09,1.18564322523313,1.132943638907e-09,1.378499247489416,1.069163767453e-09,1.387851666267082,1.110797199453e-09,2.009986001370127
1.066662387183e-09,1.214807694045213,1.138311782863e-09,1.396703434682092,1.071421219584e-09,1.414042529962948,1.117415229783e-09,2.039504423759664
1.068332179217e-09,1.239430088821553,1.144046762911e-09,1.414699484186449,1.073801417333e-09,1.43968086107586,1.124681427265e-09,2.06947066751856
1.07018052606e-09,1.265103466359489,1.150167836747e-09,1.432419345992666,1.076300959921e-09,1.464659937011366,1.132692500191e-09,2.100109244104498
1.072086228339e-09,1.289984003886829,1.156690870558e-09,1.449776231162057,1.078981779935e-09,1.489488133886979,1.141563417451e-09,2.131673987535043
1.074054078686e-09,1.314133922159523,1.163625755619e-09,1.466658012345847,1.081857871369e-09,1.514130492944873,1.151429076297e-09,2.16444019479249
1.076144378891e-09,1.338229992254929,1.170972372705e-09,1.482918645608309,1.084940140096e-09,1.538523145544476,1.162439615498e-09,2.198663774823054
1.078368371989e-09,1.362274461172463,1.17871531895e-09,1.498372545464244,1.088250699163e-09,1.562685899002623,1.174730449511e-09,2.234433631695176
1.08073472982e-09,1.386231432563004,1.186820652666e-09,1.51280486776196,1.091810115158e-09,1.586609731868784,1.188311162649e-09,2.271264712418669
1.08326167213e-09,1.410148324133155,1.195242090067e-09,1.52600648742658,1.0956384143e-09,1.610271538186361,1.202835997789e-09,2.307521722757931
1.085964468034e-09,1.434020744240511,1.203937517743e-09,1.537808495531946,1.099758171073e-09,1.633655985036289,1.217583513603e-09,2.340655747153851
1.08885664019e-09,1.457814259931348,1.212875960364e-09,1.548072312239882,1.104193934349e-09,1.656749730419896,1.231784751411e-09,2.368206516757862
1.091952614508e-09,1.481491597880541,1.222019381557e-09,1.556647365015775,1.108972077839e-09,1.679539496501958,1.240892375705e-09,2.383139651130286
1.095266865335e-09,1.505006530300422,1.231303165547e-09,1.563360651172915,1.114121168876e-09,1.702012702839284,1.25e-09,2.395535299884931
1.098813673761e-09,1.528304496436666,1.240644119743e-09,1.56805698295647,1.119671852715e-09,1.724155266637584,1.250352053196e-09,2.396479208021439
1.10260751624e-09,1.551327483847011,1.245322059871e-09,1.569623751523894,1.125656398351e-09,1.745948262947189,1.250708177805e-09,2.397451683004544
1.106663191578e-09,1.574016143417884,1.25e-09,1.570659099417719,1.132107951584e-09,1.767364047979328,1.251052010993e-09,2.398388305963271
1.110995913652e-09,1.596311190086085,1.250290752155e-09,1.571109240336385,1.139059250977e-09,1.788361183667605,1.251305991434e-09,2.399075320847515
1.115621467061e-09,1.618154613807893,1.250561584183e-09,1.571627953688963,1.146540517047e-09,1.808877510961581,1.251515934179e-09,2.399639515557781
1.120556292106e-09,1.639489938826146,1.250818775907e-09,1.572213413589168,1.15457598385e-09,1.828819954405636,1.25176073573e-09,2.400293488863574
1.125817440729e-09,1.660261479235694,1.251054283947e-09,1.572818700273046,1.163177953119e-09,1.84804821785107,1.252116461519e-09,2.401238070797926
1.131422362838e-09,1.680412705434662,1.251351333014e-09,1.573655638019178,1.172336390509e-09,1.866349786935856,1.252827913099e-09,2.403115052943964
1.137388448106e-09,1.699883734323982,1.251724678084e-09,1.57479177884547,1.182002858668e-09,1.883416320320925,1.25363377783e-09,2.405231991399939
1.143732230432e-09,1.718607946119057,1.252084398023e-09,1.575949446487661,1.192078750727e-09,1.898869743857479,1.254838365718e-09,2.408399773462365
1.150468125912e-09,1.736507628734602,1.252473019201e-09,1.57724670679585,1.20244115305e-09,1.912382941546515,1.255648424276e-09,2.410540393239044
1.157606487349e-09,1.753488288570428,1.252906724964e-09,1.578731741500382,1.213008808905e-09,1.92378260097196,1.256553711139e-09,2.412949181409079
1.165150591339e-09,1.769430907777676,1.253404188681e-09,1.58046614905028,1.223755700375e-09,1.932979617116886,1.257356055136e-09,2.415101415335208
1.173091934558e-09,1.784181543732947,1.253991661973e-09,1.582542034260874,1.234642544448e-09,1.939848848944801,1.258124355441e-09,2.417178535424601
1.181403313554e-09,1.797540921858245,1.254699681827e-09,1.58507148421302,1.242321272224e-09,1.943203345309855,1.258826494762e-09,2.419090387239688
1.190031547392e-09,1.809268227335504,1.255576869852e-09,1.588238999962956,1.25e-09,1.945312031381024,1.260230773404e-09,2.422946356783429
1.198899513753e-09,1.819125068702476,1.256706105437e-09,1.592369753449742,1.250276202336e-09,1.945794758645985,1.260799675747e-09,2.424518840328459
1.207931919344e-09,1.826951871136828,1.257546492885e-09,1.595485069701575,1.250569210493e-09,1.946405955431069,1.261937480433e-09,2.427671299380525
1.217092906202e-09,1.832696661039113,1.258342622391e-09,1.598471266920783,1.250813296741e-09,1.946981326846136,1.262463401305e-09,2.429129242504097
1.226390314503e-09,1.836354491092664,1.259051582548e-09,1.601161061811264,1.251036491801e-09,1.94754569317853,1.263515243049e-09,2.432033503670388
1.235838767754e-09,1.837899439863068,1.260469502861e-09,1.606633204474019,1.251328526121e-09,1.948317868480214,1.264012203965e-09,2.433396907798267
1.242919383877e-09,1.837652185879368,1.261049423682e-09,1.608908128249938,1.251580881259e-09,1.94900405823323,1.265006125797e-09,2.436089121900949
1.25e-09,1.836221995365276,1.262209265324e-09,1.613522674160668,1.251853396012e-09,1.949755954448005,1.266372705188e-09,2.439656378885671
1.250283183679e-09,1.836573564320252,1.26274607133e-09,1.615687669385446,1.252171447496e-09,1.950641319827049,1.267523623174e-09,2.442466389435429
1.250569791151e-09,1.836952377915349,1.263819683342e-09,1.620069089841017,1.252560180825e-09,1.951730391196293,1.268507394291e-09,2.444652595325972
1.250857035604e-09,1.837337029474347,1.264319978435e-09,1.622132990830466,1.253062330346e-09,1.953146223636397,1.269405088513e-09,2.446402733862918
1.251107313898e-09,1.837671012564601,1.265320568621e-09,1.626292236569897,1.253737826065e-09,1.95506833254071,1.270337559726e-09,2.447897434398342
1.251292022438e-09,1.837915760065178,1.266560996152e-09,1.631471001314606,1.25470416735e-09,1.957862625232114,1.271555200438e-09,2.449243292710058
1.251498999352e-09,1.838188250842069,1.2676292692e-09,1.635900587695938,1.255536411806e-09,1.960320180756444,1.272356511374e-09,2.449725776229426
1.251773474861e-09,1.838548025134177,1.26855804461e-09,1.639673681322783,1.256424403346e-09,1.963003699950964,1.273171478031e-09,2.449882857720434
1.252309367978e-09,1.83925235734809,1.269433790282e-09,1.643108142634376,1.257249618789e-09,1.965560966172405,1.273897023765e-09,2.44975497403535
1.253056163455e-09,1.840253312991652,1.270387865229e-09,1.64664668935999,1.258028974321e-09,1.968037001002176,1.274579422949e-09,2.44942879519791
1.254016107952e-09,1.841598409162376,1.271735201741e-09,1.651171682902453,1.2587462993e-09,1.970371339121571,1.275288885122e-09,2.448909379509613
1.25476052203e-09,1.842700513699927,1.272479468253e-09,1.65342024059335,1.260180949259e-09,1.975208812706988,1.276078043134e-09,2.448155310725067
1.256249350187e-09,1.845106105353669,1.273195983451e-09,1.655420171982405,1.260757793334e-09,1.977218824639423,1.277019346995e-09,2.447062258245725
1.256977235388e-09,1.84638970325581,1.27387657212e-09,1.657188147257912,1.261911481484e-09,1.981352679223373,1.278287245728e-09,2.445305395822011
1.258433005792e-09,1.849198817864703,1.274548908806e-09,1.658836049184032,1.262442904222e-09,1.983308095177217,1.279032983973e-09,2.444117602758887
1.259049569582e-09,1.850489974327586,1.275266265548e-09,1.660524198434963,1.263505749698e-09,1.987312887088196,1.280178496083e-09,2.442002850713477
1.260282697163e-09,1.853264521386379,1.276081308256e-09,1.66240941742302,1.264007008796e-09,1.989244028024423,1.281314628644e-09,2.43942620689973
1.260822728111e-09,1.854561764960878,1.2770962945e-09,1.66479859363975,1.265009526992e-09,1.993178199172587,1.282390939515e-09,2.436381222610861
1.261902790007e-09,1.857309180671638,1.278539759058e-09,1.668447207811604,1.266363443263e-09,1.998601210287063,1.283501310786e-09,2.432435534621339
1.262409942151e-09,1.858669819526034,1.279890875278e-09,1.672226599124782,1.267502347747e-09,2.003198865578663,1.284681213946e-09,2.42714906974377
1.263424246439e-09,1.8615244737771,1.280973086415e-09,1.675496915025477,1.268475880814e-09,2.007085466165487,1.285954119034e-09,2.419998555621106
1.26390818444e-09,1.862948332629005,1.281997770451e-09,1.67871015023741,1.269367485501e-09,2.010539036787952,1.287329779674e-09,2.410456347987614
1.264876060441e-09,1.865908660637196,1.283065754629e-09,1.68202331882886,1.270297857724e-09,2.013954659279119,1.28866922774e-09,2.399335081753607
1.266334796631e-09,1.87060986129854,1.28421031467e-09,1.685277216830071,1.271523374783e-09,2.018033579473635,1.290046247158e-09,2.38609263181392
1.267557598972e-09,1.87470312052417,1.285452465885e-09,1.68806693324088,1.272317534867e-09,2.020387067381304,1.290604301377e-09,2.380221640812194
1.268597319569e-09,1.878210365694189,1.286816739283e-09,1.689658449096989,1.273119709075e-09,2.022523636418821,1.291720409815e-09,2.367682937206907
1.269527221874e-09,1.88128394032934,1.287492086399e-09,1.68972000644529,1.273837496206e-09,2.024245334746451,1.292572087976e-09,2.357439234867492
1.270466897895e-09,1.884238015481351,1.288842780633e-09,1.6878577273121,1.274514915543e-09,2.025732623290266,1.294275444298e-09,2.335349506760801
1.271637006199e-09,1.887571908166188,1.289485348812e-09,1.685923824266212,1.275220279871e-09,2.027177749917126,1.295622035758e-09,2.316434781319802
1.272054267689e-09,1.888655591918835,1.290770485171e-09,1.679594706894224,1.276005680034e-09,2.028717578081075,1.296727549441e-09,2.299956986232484
1.272888790668e-09,1.890628548211203,1.291398989184e-09,1.675208191014101,1.276944407758e-09,2.030546704588605,1.297806330707e-09,2.283031490886468
1.273699497956e-09,1.892303417239103,1.292655997209e-09,1.663537534556409,1.278210492203e-09,2.03314305046967,1.298903165353e-09,2.264916029170565
1.27443265826e-09,1.893638093761306,1.293654852167e-09,1.651302136511242,1.27893789154e-09,2.034744616970318,1.3e-09,2.24581072558621
1.275147192414e-09,1.894811934176543,1.294717106401e-09,1.635195284878829,1.280062717919e-09,2.037412908305763,1.300220437416e-09,2.241349896080117
1.275901887925e-09,1.895967647597698,1.295698980998e-09,1.617315475490232,1.2811870755e-09,2.040271789228951,1.300415929005e-09,2.237337242721705
1.276756041745e-09,1.897246392123917,1.2966720469e-09,1.596639989031056,1.282253985776e-09,2.043055114603911,  ,  
1.277804027267e-09,1.898892120523894,1.297614972125e-09,1.573716496494834,1.283354755081e-09,2.045819404593719,  ,  
1.279288341037e-09,1.901595036467393,1.298807486062e-09,1.540574236518158,1.284524881717e-09,2.048371203142126,  ,  
1.280287962213e-09,1.903737351355829,1.3e-09,1.502799578065482,1.285787560809e-09,2.050301554464353,  ,  
1.281434794358e-09,1.906543679206253,1.300238444584e-09,1.494206155922556,1.287171059222e-09,2.050923245653524,  ,  
1.282579499135e-09,1.909672590923559,1.300460861842e-09,1.485982072784968,1.287839558747e-09,2.050541585477106,  ,  
1.28371467846e-09,1.912996379784814,  ,  ,1.289176557796e-09,2.048045273362263,  ,  
1.28490878263e-09,1.916565914311529,  ,  ,1.289757297738e-09,2.046173297549544,  ,  
1.286193045645e-09,1.920249712547537,  ,  ,1.290918777623e-09,2.040768206547614,  ,  
1.287592643107e-09,1.923747032034653,  ,  ,1.291582557655e-09,2.036618832378366,  ,  
1.288243706604e-09,1.925113771392163,  ,  ,1.29291011772e-09,2.025757025592686,  ,  
1.289545833599e-09,1.927097295774064,  ,  ,1.294077156966e-09,2.013191251125578,  ,  
1.290110458796e-09,1.927601910041208,  ,  ,1.295239035783e-09,1.997683676263222,  ,  
1.291239709192e-09,1.92780905739033,  ,  ,1.296292443582e-09,1.980893305760376,  ,  
1.291980188005e-09,1.927302026352432,  ,  ,1.297347159203e-09,1.961348812944774,  ,  
1.293461145631e-09,1.924504389119701,  ,  ,1.298673579601e-09,1.932692444219418,  ,  
1.294557814812e-09,1.920754695307743,  ,  ,1.3e-09,1.89930897776594,  ,  
1.295616888074e-09,1.915652264480583,  ,  ,1.300198116311e-09,1.893479231797115,  ,  
1.296595299278e-09,1.909554759602275,  ,  ,1.300406268378e-09,1.887170938363686,  ,  
1.297587551213e-09,1.901935249175773,  ,  ,  ,  ,  ,  
1.298793775606e-09,1.890623122044351,  ,  ,  ,  ,  ,  
1.3e-09,1.876967466665857,  ,  ,  ,  ,  ,  
1.300183295247e-09,1.874242946983837,  ,  ,  ,  ,  ,  
1.30036565233e-09,1.871446030238955,  ,  ,  ,  ,  ,  
