/Vout (lN3_4=2.75e-07,wN5_6=1.1e-06,wP1=1e-05,wP2=5e-05,vBo=2.4) X,/Vout (lN3_4=2.75e-07,wN5_6=1.1e-06,wP1=1e-05,wP2=5e-05,vBo=2.4) Y,/Vout (lN3_4=2.5e-07,wN5_6=1.2e-06,wP1=1e-05,wP2=5e-05,vBo=2.3) X,/Vout (lN3_4=2.5e-07,wN5_6=1.2e-06,wP1=1e-05,wP2=5e-05,vBo=2.3) Y,/Vout (lN3_4=2.75e-07,wN5_6=1e-06,wP1=1e-05,wP2=5e-05,vBo=2.7) X,/Vout (lN3_4=2.75e-07,wN5_6=1e-06,wP1=1e-05,wP2=5e-05,vBo=2.7) Y,/Vout (lN3_4=2.75e-07,wN5_6=1.1e-06,wP1=1e-05,wP2=5e-05,vBo=2.6) X,/Vout (lN3_4=2.75e-07,wN5_6=1.1e-06,wP1=1e-05,wP2=5e-05,vBo=2.6) Y
3.99202971507e-10,4.613441869701623,3.9750215491e-10,4.550116365249965,3.95621825436e-10,4.722609711168192,3.99506412994e-10,4.695732737060936
4.02865103327e-10,4.639357038786442,4.00153012304e-10,4.572986847422875,4.005072586579999e-10,4.746319776801402,4.04179038557e-10,4.720681461644903
4.06957221019e-10,4.664890336956723,4.03267157463e-10,4.597301176122258,4.05941738772e-10,4.768972746756701,4.09412941066e-10,4.744724651905055
4.1170021718e-10,4.690656391758549,4.06938613993e-10,4.622861538401672,4.11996314115e-10,4.790409863105619,4.1528196301e-10,4.767645163575437
4.171499929259999e-10,4.716048120009342,4.112124420139999e-10,4.648985238676901,4.18776622576e-10,4.810570743222904,4.21887363887e-10,4.789312678179265
4.23341153081e-10,4.740447967927086,4.161629492029999e-10,4.675150579199519,4.264142285549999e-10,4.829419926030617,4.29352736833e-10,4.80963398499622
4.303976762339999e-10,4.763672817371252,4.218869149679999e-10,4.700915456804443,4.350916042219999e-10,4.846979953847695,4.378569140009999e-10,4.828612150040569
4.38495681043e-10,4.78565249310274,4.28490111386e-10,4.725857834698733,4.45065365712e-10,4.863320001481918,4.47656931816e-10,4.846320485630897
4.478682303899999e-10,4.806373882242016,4.361170552509999e-10,4.749703207194065,4.56693635467e-10,4.878533720839753,4.59115630457e-10,4.862869546735451
4.588566908989999e-10,4.825922996166131,4.449848974829999e-10,4.772359959811015,4.704834948459999e-10,4.892729120897572,4.72752624153e-10,4.878393460249818
4.719641452659999e-10,4.84445435566861,4.55414695612e-10,4.793877153767398,4.85483494846e-10,4.904801257419137,4.877526241529999e-10,4.891772456445376
4.86964145266e-10,4.861175979038659,4.678821828359999e-10,4.81440768243128,4.999999999999999e-10,4.914086621881982,4.999999999999999e-10,4.900581971057331
4.999999999999999e-10,4.872880651905401,4.82882182836e-10,4.833915756157682,5.004687499999999e-10,4.914373136088305,5.004687499999999e-10,4.900914438653414
5.004687499999999e-10,4.873295753695474,4.91441091418e-10,4.84307868721639,5.012562165109999e-10,4.914873990136331,5.01236070962e-10,4.901483517431276
5.0124328256e-10,4.87401594113895,4.999999999999999e-10,4.851185958703712,5.01767840404e-10,4.915214526528073,5.017205883599999e-10,4.901860398648819
5.017424821259999e-10,4.874503840001616,5.004687499999999e-10,4.851655111952908,5.022341528129999e-10,4.915536818144104,5.021621235209999e-10,4.902216810574197
5.0219740805e-10,4.874964994536686,5.011283464939999e-10,4.852350912378929,5.03166777633e-10,4.916217793698507,5.03045193845e-10,4.902968114401062
5.031072598989999e-10,4.875932983547365,5.01611615572e-10,4.852888891278907,5.045737249649999e-10,4.917317855573668,5.04392620949e-10,4.90419497738802
5.045719412779999e-10,4.877590136573303,5.020513352379999e-10,4.853399043555282,5.05115169509e-10,4.917758913046385,5.049717753979999e-10,4.904745541852799
5.05325863875e-10,4.878476472957211,5.0293077457e-10,4.854474764659025,5.061980585979999e-10,4.918640115182064,5.06130084298e-10,4.905850731235667
5.062286682819999e-10,4.879542032911012,5.043849961989999e-10,4.856379555986812,5.067413606659999e-10,4.919071809994948,5.067093910999999e-10,4.906392761595352
5.0699951948e-10,4.880431822126456,5.05231960346e-10,4.857539760148632,5.07827964802e-10,4.919860203101132,5.078680047049999e-10,4.907384155812947
5.077559562779999e-10,4.881257724834026,5.062724238379999e-10,4.858973751002877,5.083379280759999e-10,4.920179533984679,5.083974431939999e-10,4.907775406849474
5.084112030389999e-10,4.881907602970506,5.07173419928e-10,4.860180184132432,5.09357854625e-10,4.920634858909989,5.094563201709999e-10,4.908330535788895
5.0972169656e-10,4.882833998605613,5.07962453231e-10,4.861166135561434,5.09828551081e-10,4.920737093277284,5.099216624369999e-10,4.908448591745981
5.101833381239999e-10,4.88300390968817,5.08613603694e-10,4.861893653992119,5.107699439939999e-10,4.92060447133355,5.10852346969e-10,4.908300108767809
5.11106621251e-10,4.882918812801565,5.09915904619e-10,4.86287219262009,5.112166021139999e-10,4.920341686918484,5.123333761199999e-10,4.906140585501888
5.125979397479999e-10,4.880595380303811,5.10371272363e-10,4.863016755455447,5.12109918354e-10,4.919207281260061,5.135391510869999e-10,4.901233933444309
5.137980504199999e-10,4.875210413769191,5.112820078509999e-10,4.86277136278737,5.13312693435e-10,4.915587304829265,5.144588145929999e-10,4.894197876890359
5.14715821497e-10,4.867428191297377,5.12686308975e-10,4.859874035861194,5.14302464174e-10,4.909687729747034,5.15213470743e-10,4.885088287015623
5.15468347139e-10,4.857324906906572,5.13805176966e-10,4.853676668945296,5.15103011655e-10,4.901914554886715,5.15881499298e-10,4.873494618138189
5.161277945139999e-10,4.844573600763218,5.146592365429999e-10,4.844940358051284,5.158096718629999e-10,4.891862060172652,5.16544482922e-10,4.857749058702828
5.16771616159e-10,4.827557404709571,5.153555812619999e-10,4.833781400627645,5.164950472589999e-10,4.878353314171997,5.173301153239999e-10,4.832463247341683
5.17515138806e-10,4.801077094706701,5.15959023914e-10,4.819946529504522,5.17263164089e-10,4.857800581682739,5.179723842049999e-10,4.805908017852349
5.18139352181e-10,4.772592083218539,5.16536977138e-10,4.801952760199637,5.180106380249999e-10,4.831581020613916,5.18631328029e-10,4.772948897249183
5.187781976379999e-10,4.737292382280454,5.171813805289999e-10,4.775199617097746,5.18791269268e-10,4.797284121587195,5.19188738112e-10,4.740650571185963
5.19311071578e-10,4.703190462999684,5.177437414259999e-10,4.745426844241183,5.19403409532e-10,4.765516299610165,5.196831780909999e-10,4.708830972313946
5.19782684885e-10,4.669690873449214,5.183239330609999e-10,4.708170709914517,5.199276816959999e-10,4.735109170552915,5.201646260699999e-10,4.675273247230451
5.20244478196e-10,4.634156068542742,5.187931880999999e-10,4.673286558211539,5.20433452359e-10,4.703257262337535,5.20655572821e-10,4.638791200425628
5.207184510559999e-10,4.595222776966127,5.192028713449999e-10,4.639575515859704,5.209470292949999e-10,4.668724784865841,5.211707339549999e-10,4.59848544332126
5.21217457877e-10,4.551972420167523,5.19605984797e-10,4.603729289032306,5.214840314649999e-10,4.630673335455874,5.21729163176e-10,4.553004777393443
5.21759008672e-10,4.502988903611035,5.20024963019e-10,4.564011305106174,5.220625155429999e-10,4.587979968304204,5.22373794021e-10,4.499000723972525
5.223902042069999e-10,4.444174747423467,5.204720667869999e-10,4.519308188157498,5.22720687511e-10,4.53798032243789,5.23290412449e-10,4.421469474181774
5.233517630089999e-10,4.354274690438396,5.209651716959999e-10,4.46787443532404,5.23587786012e-10,4.471201269384305,5.238865799619999e-10,4.371696312747363
5.24042820508e-10,4.291875644447781,5.215663584059999e-10,4.403442399635513,5.242588730919999e-10,4.419740795248652,5.244650741269999e-10,4.324983145420252
5.24547779247e-10,4.248490810644782,5.220973757809999e-10,4.346386099753113,5.249633533579999e-10,4.367105959187357,5.249926108329999e-10,4.284325257342293
5.250425353309999e-10,4.208063215643741,5.2261822071e-10,4.291802723885882,5.255602430569999e-10,4.324398233251634,5.255286193229999e-10,4.245160963174949
5.25663741868e-10,4.160300833084293,5.23072691934e-10,4.246091534863425,5.261106951289999e-10,4.286954882088936,5.26155782452e-10,4.202137070746849
5.26355487002e-10,4.11101169919076,5.23533127736e-10,4.201922600813217,5.267069790229999e-10,4.248650289008512,5.269208208529999e-10,4.153643634238462
5.27169822585e-10,4.057949741966905,5.24089016097e-10,4.151597356991426,5.274224817379999e-10,4.205781234445672,5.27805787664e-10,4.10266901762361
5.28140033772e-10,4.000912388735662,5.24752597449e-10,4.095850378686436,5.282817107889999e-10,4.158579244832703,5.2883774775e-10,4.04932604849572
5.294826460969999e-10,3.93104005834029,5.25478797982e-10,4.040049162869483,5.29282946195e-10,4.10895790656658,5.30309387211e-10,3.982399733160077
5.307331570899999e-10,3.873589589957312,5.262810921849999e-10,3.984132048496831,5.3053927136e-10,4.053649138462928,5.30585077743e-10,3.970940722219263
5.32208486563e-10,3.813328369402714,5.27300323698e-10,3.920451861623586,5.308208679399999e-10,4.042220549377406,5.31136458808e-10,3.948805154079579
5.330330022969999e-10,3.7827078690563,5.28315638067e-10,3.863794667016717,5.313840611009999e-10,4.020210340222506,5.322392209379999e-10,3.907332952115081
5.337632859999999e-10,3.757171438045193,5.294879113489999e-10,3.805233673595039,5.325104474239999e-10,3.979160311347972,5.33455686175e-10,3.865457760995271
5.352238534039999e-10,3.70996920662229,5.304645740269999e-10,3.761181349266153,5.33525383843e-10,3.94516752238245,5.341511231109999e-10,3.843174403989447
5.358287841969999e-10,3.691831003991485,5.318866148059999e-10,3.703404354549074,5.34198909739e-10,3.924006822328659,5.355419969839999e-10,3.801697684968409
5.370386457809999e-10,3.657715840159104,5.3259982179e-10,3.676965354921729,5.355459615289999e-10,3.884536276874437,5.361099803219999e-10,3.785864389425167
5.37631385576e-10,3.641988301455096,5.34026235757e-10,3.628317441610185,5.361086736809999e-10,3.86909497945682,5.37245946998e-10,3.755871603034275
5.38816865165e-10,3.612256394943183,5.34677255056e-10,3.607838021025511,5.37234097985e-10,3.839825086612383,5.378042361949999e-10,3.741900760870883
5.394543655359999e-10,3.59716028261176,5.35979293655e-10,3.569647072896203,5.377782040529999e-10,3.826400163429573,5.38920814588e-10,3.715316204720853
5.407293662789999e-10,3.568634423925565,5.36602996621e-10,3.552568515964868,5.388664161889999e-10,3.800819186901346,5.395411014409999e-10,3.701284054113085
5.413763853999999e-10,3.554959606034088,5.378504025539999e-10,3.520469424438605,5.394523041959999e-10,3.787708034220195,5.407816751459999e-10,3.674629139053487
5.426704236409999e-10,3.529057093781526,5.38534365023e-10,3.503955356843266,5.406240802109999e-10,3.762732138470256,5.413967899639999e-10,3.662070625268679
5.436148055559999e-10,3.511290865975247,5.3990228996e-10,3.472957300562834,5.412104384209999e-10,3.750824348676673,5.42627019599e-10,3.638122776697281
5.447107181539999e-10,3.491780386070355,5.404822628139999e-10,3.460586928677821,5.42383154842e-10,3.728068671693072,5.43507184624e-10,3.621881365965287
5.45780562671e-10,3.473803835940726,5.416422085239999e-10,3.437079838950124,5.43202097578e-10,3.712961235351675,5.445260836889999e-10,3.603930073331167
5.468194886359999e-10,3.457298205228116,5.42492891139e-10,3.420823169854514,5.44147208323e-10,3.696260444239256,5.455401609399999e-10,3.586901443464054
5.478737074459999e-10,3.441457987954412,5.43610628945e-10,3.400633591321248,5.45075378245e-10,3.680568068303783,5.466312250479999e-10,3.569442752223821
5.489368537229999e-10,3.426368927715577,5.44689383258e-10,3.382335289808839,5.460657667759999e-10,3.664539908452415,5.477537092019999e-10,3.552348177473318
5.5e-10,3.412133311461714,5.457581580729999e-10,3.365294575799307,5.470990405619999e-10,3.648547192801059,5.488768546009999e-10,3.536065494899451
5.50265786569e-10,3.408719334733443,5.468739917059999e-10,3.348602950501221,5.485495202809999e-10,3.627243074697304,5.5e-10,3.520556487053085
5.505468442029999e-10,3.405138079678868,5.48436995853e-10,3.327004886834765,5.5e-10,3.60716749005417,5.502807863489999e-10,3.516810256425157
5.508868690859999e-10,3.400878760348932,5.492184979259999e-10,3.316958029226192,5.503626199289999e-10,3.602361628600859,5.50572268834e-10,3.512948932650497
5.512098815119999e-10,3.396928634618607,5.5e-10,3.307387751920342,5.507079139999999e-10,3.597831345907091,5.509233417549999e-10,3.508371940551118
5.518559063629999e-10,3.389352897489775,5.501953755179999e-10,3.30507282187099,5.511148787939999e-10,3.592598850702303,5.51260969944e-10,3.504071383352463
5.530104037759999e-10,3.376903327316411,5.504247500089999e-10,3.302369479684331,5.515450941899999e-10,3.587228950637319,5.519362263229999e-10,3.495821660122058
5.535109489339999e-10,3.371927502972138,5.506784748939999e-10,3.299413605466198,5.524055249819999e-10,3.577053054608193,5.530762781149999e-10,3.482983986367528
5.5451203925e-10,3.362666516466964,5.509153895599999e-10,3.296699375802184,5.53712173201e-10,3.563019759991322,5.53540555542e-10,3.478140683247231
5.55154261881e-10,3.357174436749194,5.513892188909999e-10,3.29143282531329,5.54214331913e-10,3.558066394838687,5.544691103959999e-10,3.469067547944764
5.56438707143e-10,3.347096191607852,5.522913632509999e-10,3.282040112916033,5.55218649338e-10,3.548817184473563,5.550366290909999e-10,3.46389987050658
5.573540693269999e-10,3.340579037958924,5.537408952709999e-10,3.268585691560474,5.55837461975e-10,3.543525308645169,5.5617166648e-10,3.45431984253647
5.585327973359999e-10,3.332893746506235,5.54361406688e-10,3.263402936498114,5.57075087249e-10,3.533755609319325,5.569261697029999e-10,3.448463704600269
5.59790423931e-10,3.325463853981697,5.55602429523e-10,3.253906226582441,5.579081092329999e-10,3.52774014293591,5.578663483959999e-10,3.441675127491452
5.61126433145e-10,3.318330867480638,5.565413399719999e-10,3.247402424773291,5.58949890988e-10,3.52077946691653,5.58896393443e-10,3.434818554487482
5.625371646769999e-10,3.311538547424288,5.578196368779999e-10,3.239344588008993,5.600949225659999e-10,3.513772755115475,5.601018083769999e-10,3.427478941104934
5.640430328089999e-10,3.305014766613685,5.59139158377e-10,3.231858601716046,5.612879603519999e-10,3.507111274404813,5.613401898929999e-10,3.420620505164716
5.65397647312e-10,3.299708401850472,5.60561681209e-10,3.224600409945249,5.6253539973e-10,3.50076480651647,5.626529818129999e-10,3.414014767069216
5.67159773029e-10,3.293485465873252,5.62070958368e-10,3.217690662140378,5.638441107049999e-10,3.494708040704988,5.640346565709999e-10,3.407711503686187
5.68740329218e-10,3.288474339173308,5.634275827109999e-10,3.212085137710882,5.652284108199999e-10,3.488892217990495,5.655073145679999e-10,3.401634065098326
5.703134370499999e-10,3.283950356277981,5.652061928589999e-10,3.205471240400826,5.667026101759999e-10,3.483284913322693,5.670857881309999e-10,3.395759067427542
5.72028570982e-10,3.279471628398966,5.668001053879999e-10,3.200159550096878,5.682833571959999e-10,3.477858999369572,5.68503684194e-10,3.39097764117722
5.73862735901e-10,3.275132344193982,5.68389898154e-10,3.195360187829394,5.697036015119999e-10,3.473440662241886,5.703633855489999e-10,3.385314455775705
5.758296397509999e-10,3.270920632060959,5.701309415249999e-10,3.190593200758055,5.715622804539999e-10,3.46821825092482,5.72030793098e-10,3.380749340070825
5.779676802539999e-10,3.266780923080271,5.720005180029999e-10,3.18596055948958,5.732292747229999e-10,3.464007157802299,5.7369064826e-10,3.376621423019261
5.803026989139999e-10,3.262696133571803,5.74013857615e-10,3.181449090440358,5.748874712039999e-10,3.46020308862593,5.75502893357e-10,3.372523113710239
5.828638942089999e-10,3.258647591327811,5.762121817019999e-10,3.176997133971153,5.766952385969999e-10,3.456433386880467,5.774420561769999e-10,3.36854382930031
5.856912322879999e-10,3.254603598873546,5.78624265672e-10,3.172583348601445,5.786268536209999e-10,3.452780565110845,5.79521942109e-10,3.364674069594988
5.888340021749999e-10,3.250523987051972,5.81283199193e-10,3.168182706491689,5.806955398429999e-10,3.449236599901298,5.81783238249e-10,3.36086219529894
5.923550322599999e-10,3.246354925294272,5.842346121499999e-10,3.163753188146394,5.829410700569999e-10,3.445755297729834,5.842532402719999e-10,3.357091909409327
5.963380898439999e-10,3.242020756523248,5.875359393379999e-10,3.159239553305325,5.85389764328e-10,3.442323240610085,5.86962840439e-10,3.353345266140184
6.00897978942e-10,3.237413614379978,5.91262087981e-10,3.15456576577503,5.88071243657e-10,3.438926160736664,5.899545300469999e-10,3.349591953822212
6.061981624129999e-10,3.232374984936747,5.955154735249999e-10,3.149622602767519,5.910261866159999e-10,3.435539516092352,5.932807911049999e-10,3.345793696215781
6.124839270599999e-10,3.226660588775674,6.00441027484e-10,3.144249675396809,5.943044615249999e-10,3.432132955128448,5.9700852848e-10,3.341899529937914
6.20151219401e-10,3.219866330585716,6.06254013064e-10,3.138201437001166,5.979690420929999e-10,3.428666727000643,6.012268919849999e-10,3.337838238213957
6.29917112361e-10,3.211241648511042,6.13297209736e-10,3.131076062462299,6.02102881748e-10,3.425086023948688,6.06057886475e-10,3.333508747215236
6.43396678608e-10,3.199048119500819,6.22177938693e-10,3.122141558138051,6.06817743362e-10,3.421314435535268,6.11674823341e-10,3.328763080654159
6.583966786079999e-10,3.184776708970501,6.342045550779999e-10,3.109771390152585,6.122689956329999e-10,3.417242705940536,6.183369488219999e-10,3.323373941760149
6.73396678608e-10,3.169519558108768,6.492045550779999e-10,3.093487339199896,6.18681967395e-10,3.412708438403639,6.26461044992e-10,3.316966606138393
6.883966786079999e-10,3.153048308715278,6.642045550779999e-10,3.075885501457575,6.264021884839999e-10,3.407456804617142,6.367979949769999e-10,3.308848094606622
7.03396678608e-10,3.13510307423241,6.792045550779999e-10,3.056575239269451,6.360044416649999e-10,3.401053619359623,6.510264390429999e-10,3.297424698787783
7.183966786079999e-10,3.115345725322683,6.942045550779999e-10,3.035090656802475,6.485837576139999e-10,3.392649041498754,6.660264390429999e-10,3.284818037976054
7.33396678608e-10,3.093340398576068,7.092045550779999e-10,3.010908641719337,6.635837576139999e-10,3.382371360686041,6.810264390429999e-10,3.271439189327188
7.41698339304e-10,3.080037670704415,7.242045550779999e-10,2.983511258247416,6.785837576139999e-10,3.371650603600451,6.960264390429999e-10,3.257123974456497
7.499999999999999e-10,3.06582572568675,7.38017349196e-10,2.95497929479671,6.935837576139999e-10,3.360364027497805,7.110264390429999e-10,3.241707256799999
7.503763422469999e-10,3.065163694248326,7.499999999999999e-10,2.927274409874181,7.085837576139999e-10,3.348409263133073,7.260264390429999e-10,3.224996522009724
7.509823118529999e-10,3.064067481654405,7.503633036349999e-10,2.926397752061801,7.235837576139999e-10,3.335686417657933,7.38013219521e-10,3.210557237055892
7.51515913717e-10,3.063099493847289,7.510553529079999e-10,2.924685450259482,7.385837576139999e-10,3.322085782966301,7.499999999999999e-10,3.194978256799283
7.52000521635e-10,3.0622394294276,7.515847816869999e-10,2.923366938966315,7.499999999999999e-10,3.311072626363235,7.504687499999999e-10,3.194343131985935
7.5296973747e-10,3.060625647037293,7.520675490709999e-10,2.922178643347989,7.504687499999999e-10,3.310607116210834,7.51204585264e-10,3.193332975157634
7.536116222809999e-10,3.059649546209802,7.530330838389999e-10,2.919886943404915,7.51228084414e-10,3.30985300080155,7.518470196659999e-10,3.192485658858661
7.54895391904e-10,3.05795233906775,7.53739944602e-10,2.918294800914446,7.519082324129999e-10,3.309235025618523,7.52431650494e-10,3.191776373506538
7.556802718759999e-10,3.057088249076561,7.551536661259999e-10,2.915357083250676,7.525259385869999e-10,3.308759812004529,7.536009121489999e-10,3.190612076585913
7.565921635999999e-10,3.056254710268936,7.560921218189999e-10,2.913594714977285,7.537613509349999e-10,3.308140359753061,7.541490644659999e-10,3.190192643273773
7.573847818709999e-10,3.055681471774171,7.571625332839999e-10,2.911773943685345,7.54276408863e-10,3.308020124680513,7.552453690999999e-10,3.189613304518245
7.581167712e-10,3.055278835084005,7.579228930679999e-10,2.910606396874699,7.553065247189999e-10,3.308035016618102,7.55855018391e-10,3.189441662190482
7.595807498589999e-10,3.054845880221709,7.58604086564e-10,2.909651755552573,7.55874159187e-10,3.308188155360426,7.570743169729999e-10,3.189418373324297
7.60043620994e-10,3.05481313264378,7.59966473555e-10,2.908013125139793,7.570094281219999e-10,3.308796327699963,7.576636711719999e-10,3.189558787622333
7.609693632629999e-10,3.05489976677017,7.604176211819999e-10,2.907551453228598,7.575713102739999e-10,3.309243980508086,7.588423795689999e-10,3.190130772912463
7.6150914339e-10,3.055044517302786,7.613199164349999e-10,2.906753214499728,7.58695074577e-10,3.310421892336516,7.593173663829999e-10,3.19047026256766
7.625887036459999e-10,3.055543661056434,7.61883600421e-10,2.906340494862039,7.59170745864e-10,3.311032591749241,7.602673400109999e-10,3.191334259123442
7.631170031289999e-10,3.055890591552294,7.630109683939999e-10,2.905716748532952,7.601220884359999e-10,3.312449166167212,7.60778001177e-10,3.191900093728913
7.641736020939999e-10,3.056787607030081,7.635571934599999e-10,2.9055121581553,7.606252489299999e-10,3.313302540795058,7.617993235089999e-10,3.193242021113254
7.646836378419999e-10,3.057319061658734,7.646496435909999e-10,2.905292469710989,7.616315699189999e-10,3.315221418757842,7.623011520279999e-10,3.194003983083324
7.657037093379999e-10,3.05857377911894,7.651585887199999e-10,2.905276655963561,7.62131812218e-10,3.316279957035412,7.633048090659999e-10,3.195729423963868
7.662181178909999e-10,3.0593051940251,7.661401009629999e-10,2.905390874255336,7.631322968149999e-10,3.31860292064203,7.637931679519999e-10,3.196667011201035
7.6715904437e-10,3.060807227915556,7.674796507059999e-10,2.905805693838092,7.636267285169999e-10,3.31985259468046,7.647698857229999e-10,3.198734984994188
7.684894975049999e-10,3.063260025718225,7.68680999452e-10,2.906340718243094,7.64615591922e-10,3.322553086737346,7.652527657579999e-10,3.19985430497642
7.693628959019999e-10,3.065051402427505,7.697249315499999e-10,2.906816535076436,7.651044731049999e-10,3.323988763402675,7.66192943606e-10,3.202216581335467
7.705705688459999e-10,3.067695663864515,7.70672134474e-10,2.907159284411913,7.660822354719999e-10,3.327059003672598,7.66792877659e-10,3.203850358447359
7.71878688793e-10,3.070696083300033,7.71739584813e-10,2.907354735582471,7.666756936789999e-10,3.329052433457742,7.679224227919999e-10,3.207176953970957
7.72327236933e-10,3.071746116715598,7.721726039729999e-10,2.907366647887947,7.678029075099999e-10,3.333096819279213,7.69315275914e-10,3.211681307662563
7.732243332119999e-10,3.073857602415746,7.73038642293e-10,2.907271340030715,7.692665816119999e-10,3.338811065585514,7.697745888649999e-10,3.213254751302509
7.745492544459999e-10,3.076990491033738,7.7395263787e-10,2.907036918952529,7.6972961937e-10,3.340719986948543,7.706932147679999e-10,3.216509683974057
7.759605693419999e-10,3.080371967422347,7.747843147429999e-10,2.906765368807939,7.706556948859999e-10,3.344663958217482,7.721310818409999e-10,3.221850428779113
7.77232361567e-10,3.083520378709234,7.755676825259999e-10,2.906527295240132,7.710449377889999e-10,3.346368929171068,7.725343055819999e-10,3.22339690966898
7.783837561449999e-10,3.086525677591253,7.763755619729999e-10,2.906375165288618,7.718234235949999e-10,3.349855730029003,7.733407530619999e-10,3.226545415365501
7.795355657089999e-10,3.089756579876981,7.77274294109e-10,2.906406633127157,7.732875844469999e-10,3.356670519871205,7.74642531332e-10,3.231775198088343
7.807920072219999e-10,3.093624448579558,7.783531864219999e-10,2.906842103557491,7.737067409999999e-10,3.358680630142779,7.751249485959999e-10,3.233758789631323
7.82272319571e-10,3.098750262793193,7.79906876415e-10,2.908447134231014,7.745450541059999e-10,3.36277641487902,7.76089783125e-10,3.237802572977152
7.832796076269999e-10,3.102630813727252,7.81067183509e-10,2.910490573785702,7.75007736667e-10,3.365079879658443,7.76690449459e-10,3.240374191655945
7.841599119389999e-10,3.106305299175279,7.823786015519999e-10,2.913741014827641,7.759331017879999e-10,3.369779736383215,7.778917821289999e-10,3.245657850239063
7.849296089619999e-10,3.109744635592397,7.8363744044e-10,2.917823310180681,7.7648821152e-10,3.372659779533177,7.788168293949999e-10,3.249867229700251
7.856368583749999e-10,3.113095602251529,7.848777649459999e-10,2.922762640755702,7.775984309819999e-10,3.378564533920094,7.805596425379999e-10,3.258192525233602
7.87051357203e-10,3.120350002821692,7.861889174319999e-10,2.928946957745219,7.78397286428e-10,3.382938702877909,7.820642018489999e-10,3.265849607616983
7.87692190164e-10,3.123875107640937,7.876096586409999e-10,2.936712725897392,7.79994997321e-10,3.392034486222396,7.834913481169999e-10,3.273563399961319
7.889738560869999e-10,3.131361070050119,7.883545238429999e-10,2.941207406354148,7.811214369649999e-10,3.398746016252414,7.84265137366e-10,3.277940409942365
7.895905729889999e-10,3.135163937266467,7.898442542479999e-10,2.951004041308712,7.823553921749999e-10,3.40640562935484,7.850297290879999e-10,3.282407704262369
7.908240067939999e-10,3.143141571763659,7.903964780869999e-10,2.954896749899913,7.832252701089999e-10,3.412008522150082,7.856853424359999e-10,3.286353690328225
7.914687379519999e-10,3.147501250058397,7.915009257659999e-10,2.963073122103283,7.840395066869999e-10,3.417411891987594,7.869965691309999e-10,3.294568637512542
7.927582002699999e-10,3.156587770232882,7.92334434349e-10,2.96956952551386,7.847529704769999e-10,3.422276007282836,7.875849938999999e-10,3.298394250600611
7.938586278869999e-10,3.164711348517069,7.94001451516e-10,2.983331916424998,7.861798980569999e-10,3.432371768624256,7.887618434379999e-10,3.306298858833189
7.949616206979999e-10,3.173180432831131,7.95272011967e-10,2.99446442096284,7.86753930737e-10,3.436571331352132,7.89408898491e-10,3.31078563519856
7.959579246599999e-10,3.181103167885251,7.963954134559999e-10,3.004742219209999,7.879019960969999e-10,3.445203740741906,7.907030085959999e-10,3.320042539739612
7.969515836169999e-10,3.18925753309216,7.976154668479999e-10,3.016343167053344,7.884751939039999e-10,3.449627775002789,7.913111772649999e-10,3.32451900918809
7.979707824119999e-10,3.197880259479528,7.98807733424e-10,3.02810389359892,7.896215895189999e-10,3.458690908013533,7.925275146029999e-10,3.33369735961176
7.99063192932e-10,3.207411079352025,7.999999999999999e-10,3.040270031125599,7.902286190179999e-10,3.463601608358144,7.934798941439999e-10,3.341084181274691
7.999999999999999e-10,3.215821571981968,8.002980666429999e-10,3.04338500158705,7.914426780159999e-10,3.473634321563112,7.95384653224e-10,3.35635191336081
8.002342017659999e-10,3.217961273377904,8.006015032799999e-10,3.046566258818943,7.921075622929999e-10,3.479241750192483,7.967838504379999e-10,3.367975332695445
8.004988470709999e-10,3.220388324887511,8.009255805729999e-10,3.049989018870313,7.934373308459999e-10,3.490671272556947,7.98391925219e-10,3.38175403989231
8.007591725669999e-10,3.22279080104029,8.011972562119999e-10,3.052880393671987,7.94607730427e-10,3.500950599748519,7.991959626089999e-10,3.38881212809817
8.009762687049999e-10,3.224806607135504,8.017406074909999e-10,3.05872954631789,7.959284652709999e-10,3.512779509919573,7.999999999999999e-10,3.395983336421331
8.014104609809999e-10,3.228875660958236,8.026061278719999e-10,3.068235602183758,7.971066624529999e-10,3.523527826264266,8.002010093469999e-10,3.39779270146151
8.021080054459999e-10,3.235524759057467,8.031350428679999e-10,3.074159382618471,7.985533312259999e-10,3.536971072601568,8.004345475009999e-10,3.399901061615695
8.032585918029999e-10,3.246802183806941,8.041928728599999e-10,3.086257991089357,7.999999999999999e-10,3.550683935880322,8.00655029686e-10,3.401899389920816
8.037984381979999e-10,3.252226771864754,8.04906687578e-10,3.094605954516065,8.003616671929999e-10,3.554155674344785,8.008378856609999e-10,3.403562571857242
8.048781309889999e-10,3.26332246127392,8.063343170149999e-10,3.111713775564911,8.007063577669999e-10,3.557475261583868,8.0120359761e-10,3.406907401978018
8.055890709519999e-10,3.270803203147028,8.074775903539999e-10,3.12579123196042,8.01111318248e-10,3.561393675939998,8.017738765619999e-10,3.412179194947122
8.070109508799999e-10,3.28615445258835,8.097641370309999e-10,3.154858909170411,8.014434696089999e-10,3.564624534112856,8.026679630829999e-10,3.420595610779744
8.080744932179999e-10,3.29796223931978,8.11379825431e-10,3.176093299007758,8.02107772331e-10,3.571140882908889,8.040284773489999e-10,3.433774633139534
8.095094956159999e-10,3.314307881821432,8.131414439559999e-10,3.19985358179992,8.032010455419999e-10,3.582042155524243,8.045831248169999e-10,3.439277312049445
8.113482695649999e-10,3.335904146713954,8.156724588659999e-10,3.235015428673339,8.036879626529999e-10,3.586970940017912,8.05692419754e-10,3.450505673303949
8.129224388619999e-10,3.354943557888185,8.185437305829999e-10,3.276265734545864,8.046617968749999e-10,3.59696966519874,8.064210951109999e-10,3.458040221185265
8.148111002299999e-10,3.378415916834683,8.218169035539999e-10,3.324927152652223,8.052630641349999e-10,3.603237198202697,8.07878445825e-10,3.473471815746204
8.174158888989999e-10,3.411840381620957,8.258637531039999e-10,3.387315645906853,8.064655986549999e-10,3.615985062631184,8.089544368559999e-10,3.485166408677798
8.203923475949999e-10,3.451430594306971,8.309989387219999e-10,3.469734793302099,8.072715012219999e-10,3.624684853781529,8.10392787737e-10,3.501182847043957
8.237871899949999e-10,3.498279175759647,8.368829658249999e-10,3.568260574327256,8.082780034309999e-10,3.635722749022623,8.12203983206e-10,3.521950250318773
8.27851751133e-10,3.556569970274183,8.435567240389999e-10,3.684774191550307,8.093933423369999e-10,3.648173265454115,8.137535578809999e-10,3.540230101064019
8.32850519834e-10,3.631283708425482,8.500091761379999e-10,3.801715875760232,8.10768276704e-10,3.663830544254568,8.15582223554e-10,3.562386618141911
8.38874313636e-10,3.725343264411053,8.551028266149999e-10,3.896496382995422,8.125288466599999e-10,3.684362743089477,8.182199531369999e-10,3.595413494841433
8.453144775329999e-10,3.830171100996902,8.592297186719999e-10,3.974125697750573,8.14044998706e-10,3.702467945523754,8.213241393089999e-10,3.635828077661257
8.506353926589999e-10,3.919569956915378,8.626671099469999e-10,4.038481843435505,8.157841833639999e-10,3.723704259904726,8.247077367999999e-10,3.681702191119855
8.547725490019999e-10,3.990441600947707,8.654842709479999e-10,4.090388198965381,8.18186117323e-10,3.75382593575597,8.283682815019999e-10,3.733366879914231
8.58265162053e-10,4.050881022985947,8.680696920649999e-10,4.136954808709623,8.210287374019999e-10,3.790615757774195,8.32165896195e-10,3.789079290739424
8.614700527669999e-10,4.106495972983831,8.708042088149999e-10,4.184821828368384,8.23964618604e-10,3.829853979381437,8.358666785079999e-10,3.845306525664013
8.64423691194e-10,4.157523982565549,8.740895909069999e-10,4.240294699913752,8.269157056489999e-10,3.870501020001803,8.393074695479999e-10,3.899158969214544
8.674661776779999e-10,4.209430059933258,8.779089489009999e-10,4.302021578501302,8.298167231079999e-10,3.911564887587401,8.424448039789999e-10,3.949448880983474
8.70343084536e-10,4.257559789916864,8.810802920989999e-10,4.350933697735184,8.326090978089999e-10,3.952050088526603,8.45321468524e-10,3.996422376030178
8.726517809609999e-10,4.295363570186124,8.830848479559999e-10,4.380528114224912,8.352888927669999e-10,3.991703228872034,8.480212867729999e-10,4.041127164624141
8.745170047539999e-10,4.325277936246915,8.849579977489999e-10,4.407036217149702,8.378839225379999e-10,4.030751657235217,8.50648670759e-10,4.085081985796574
8.76486922595e-10,4.356115810246271,8.863933618269999e-10,4.426488862464717,8.40437073979e-10,4.069676549674479,8.53233389102e-10,4.128651722828014
8.787952528209999e-10,4.39096412855414,8.882902425589999e-10,4.450945420538077,8.430042259699999e-10,4.109180688382922,8.5537848455e-10,4.165006084898287
8.804217896169999e-10,4.414487838681826,8.899453316769999e-10,4.471088261142144,8.456535474539999e-10,4.150179106732089,8.572176065429999e-10,4.196275049181047
8.816575805749999e-10,4.431704679158726,8.9149063159e-10,4.488892873886019,8.484537605379999e-10,4.193636898773931,8.590144888279999e-10,4.226852403558754
8.841291624899999e-10,4.464277847515013,8.932567456209999e-10,4.508091008405513,8.511917694769999e-10,4.236229874668418,8.610269027529999e-10,4.261008066716823
8.859260802269999e-10,4.486372485128709,8.953708558889999e-10,4.529541478325657,8.533592510529999e-10,4.270071984057023,8.627850566029999e-10,4.290655256559356
8.873649256729999e-10,4.503111995129609,8.977458403099999e-10,4.551791743515885,8.551291987769999e-10,4.297821195450448,8.642368960259999e-10,4.31491418018055
8.90242616565e-10,4.534167170770436,9.004308172319999e-10,4.574801910506464,8.567462142589999e-10,4.323243906210259,8.661147081249999e-10,4.345833282430669
8.930121250409999e-10,4.5612373070466,9.035830001599999e-10,4.599221598058743,8.584135899409999e-10,4.349435522194312,8.678123854439999e-10,4.373165242229232
8.954930676229999e-10,4.583358511988992,9.072994104479999e-10,4.624863090865679,8.60652347397e-10,4.384226888620608,8.693941556799999e-10,4.397921908149574
8.983933380119999e-10,4.606931658505253,9.116235733009999e-10,4.651025020615936,8.625767097139999e-10,4.413396817862204,8.706841743809999e-10,4.417494159302338
9.020527945449999e-10,4.633578986621357,9.166292414189999e-10,4.677179932900878,8.639644110689999e-10,4.433808657807098,8.720434660519999e-10,4.437427920962275
9.061786272479999e-10,4.660039058825316,9.224148679409999e-10,4.702894733196928,8.65627633423e-10,4.457397937090558,8.73470919397e-10,4.457536221441652
9.10778594201e-10,4.685738052945771,9.290888314529999e-10,4.727759508094468,8.67067019402e-10,4.476957581041459,8.750604752959999e-10,4.47889299755793
9.160572655689999e-10,4.711115508800891,9.36799581164e-10,4.751512286103665,8.690565955309999e-10,4.502609386491654,8.764195054969999e-10,4.49628338466455
9.221048933e-10,4.735779525103462,9.457705577339999e-10,4.774073480753197,8.707869125569999e-10,4.52361298162718,8.791375658989999e-10,4.528722407231586
9.289882108969999e-10,4.759274411003666,9.563323584299999e-10,4.795502000495296,8.724286614749999e-10,4.542445617689285,8.812677657089999e-10,4.552083812303343
9.368628233149999e-10,4.781491252918942,9.689751316889999e-10,4.815957751949003,8.743655668299999e-10,4.563349137443866,8.831586919039999e-10,4.571407703267115
9.459596575479999e-10,4.802446877667274,9.83975131689e-10,4.835134188427869,8.766873437789999e-10,4.586648065835437,8.855211172029999e-10,4.593825329585997
9.565961787159999e-10,4.822210551788179,9.919875658439999e-10,4.843605685426881,8.792320375149999e-10,4.610156412387333,8.885020313379999e-10,4.619635104422652
9.692357655719998e-10,4.840920606314232,9.999999999999999e-10,4.851162631718449,8.82043174353e-10,4.633888829823531,8.917325914429999e-10,4.644822383344834
9.842357655719999e-10,4.858411439850705,1.00046875e-09,4.85163200876191,8.852519637269999e-10,4.658408728489715,8.952923044029999e-10,4.669625961728976
9.921178827859999e-10,4.865984901817735,1.001114389303e-09,4.852312844841135,8.888937919169999e-10,4.683308404757518,8.993842000279999e-10,4.694825006441853
9.999999999999999e-10,4.872727352113377,1.001595898439e-09,4.852848323261981,8.92969317916e-10,4.707959511626208,9.040356915069999e-10,4.719797263471235
1.00046875e-09,4.873144828539649,1.002033833535e-09,4.853355867290516,8.975188265949999e-10,4.732037837974704,9.09246274312e-10,4.743875639418708
1.00111074867e-09,4.873741206123945,1.002909703727e-09,4.854426087833769,9.025968562889999e-10,4.755291249721028,9.150889042449999e-10,4.766838937388072
1.001590841287e-09,4.8742072910361,1.004357944966e-09,4.856321597527909,9.082594151529999e-10,4.777472442212313,9.216637445709999e-10,4.788553581323295
1.002027560899e-09,4.874646600257142,1.00520266012e-09,4.857478477325321,9.145827255659999e-10,4.798420544591168,9.290926321449999e-10,4.808922639171406
1.002901000123e-09,4.875568208695666,1.006241982552e-09,4.858911857060653,9.216761395979999e-10,4.818066422405597,9.375519298629999e-10,4.827946373447186
1.004303352034e-09,4.877145405773839,1.007145377137e-09,4.860123868215725,9.296907890899999e-10,4.836404872617592,9.47295275e-10,4.845696383085119
1.005047275037e-09,4.878018856627175,1.007939955918e-09,4.861119969566984,9.388355351549999e-10,4.853478999766552,9.586806043409998e-10,4.862282184847125
1.006535121042e-09,4.879764125111833,1.00859381942e-09,4.861853979614736,9.494013127499999e-10,4.869367104174287,9.722202114289999e-10,4.87783741228994
1.007232752605e-09,4.880555944694523,1.009901546424e-09,4.862846061817539,9.617970131979998e-10,4.884169440121926,9.872202114289999e-10,4.891338135290993
1.008628015732e-09,4.881933141125703,1.010357137431e-09,4.862995104285261,9.766064361559999e-10,4.897997776476241,9.999999999999999e-10,4.900578646812826
1.009146737273e-09,4.882343802624236,1.011268319444e-09,4.862762089638434,9.88303218078e-10,4.906706177784192,1.00046875e-09,4.900911096687983
1.010184180356e-09,4.882845036896732,1.01267647852e-09,4.859886403606603,9.999999999999999e-10,4.913988040949196,1.001240953116e-09,4.901483902134013
1.010663655039e-09,4.882887388994114,1.013798097104e-09,4.853705989976567,1.00046875e-09,4.91427595132353,1.001725998677e-09,4.901861345555234
1.011622604404e-09,4.882376090464641,1.014653858772e-09,4.844982638076592,1.001198488111e-09,4.914741068991033,1.002168140021e-09,4.902218405178941
1.012976749639e-09,4.879294298240064,1.015351215873e-09,4.833836355541083,1.00170109897e-09,4.915075364391839,1.003052422708e-09,4.902971093053222
1.014073781775e-09,4.873295804924162,1.015955093721e-09,4.820020625703387,1.002159065061e-09,4.915391352401016,1.004401670697e-09,4.904200060178685
1.014930186129e-09,4.864991284581227,1.016532990229e-09,4.802062481213538,1.003074997242e-09,4.916058527813529,1.004981097951e-09,4.904750991417286
1.01564742353e-09,4.854331130922807,1.017176470866e-09,4.775398525249923,1.004456914871e-09,4.917137695002632,1.006139952458e-09,4.905856549538544
1.016294902927e-09,4.840712755109688,1.017740280331e-09,4.745594174528146,1.004995178664e-09,4.91757654596705,1.006719084743e-09,4.906398109365779
1.016950389193e-09,4.82200199316588,1.018322192537e-09,4.708256839398228,1.006071706251e-09,4.918457043857256,1.007877349312e-09,4.907387894519992
1.017766576417e-09,4.790411563297454,1.018791919987e-09,4.673350905882887,1.006616158209e-09,4.918894275584568,1.008406466013e-09,4.907777939993154
1.018332132798e-09,4.762705008380367,1.019201631146e-09,4.639646704330727,1.007705062124e-09,4.919700666575829,1.009464699414e-09,4.908329809381087
1.018904812033e-09,4.729685980330037,1.01960469705e-09,4.603813047664818,1.008218290999e-09,4.920033635014208,1.00993013468e-09,4.908446047504976
1.019417812979e-09,4.696001478292607,1.020023627625e-09,4.56410765030373,1.009244748749e-09,4.920525587602537,1.010861005211e-09,4.908292042579306
1.019887733745e-09,4.661973118631666,1.020470669795e-09,4.5194183831437,1.009713399251e-09,4.920649019502462,1.012339848358e-09,4.906121372283147
1.020352014634e-09,4.625674159499185,1.020963625237e-09,4.46800725179554,1.010650700256e-09,4.920581089188349,1.013543765266e-09,4.901205794501329
1.020830054017e-09,4.585883887359648,1.021564300201e-09,4.403635264865662,1.011099262114e-09,4.920359667907984,1.014462309128e-09,4.894162744339966
1.02133587723e-09,4.54157003509138,1.022095851591e-09,4.346521891604938,1.011996385829e-09,4.919337804514182,1.015216357561e-09,4.885045518802626
1.021891282779e-09,4.490924887892259,1.022617253256e-09,4.29187838427716,1.013224079572e-09,4.915881241855857,1.015884187034e-09,4.873439657457707
1.022559767587e-09,4.428368132668282,1.023071843573e-09,4.24615360063059,1.014234231591e-09,4.91011875201624,1.016547362116e-09,4.857670118549294
1.023182257379e-09,4.369900838070657,1.023532135406e-09,4.201996227114974,1.015046393043e-09,4.902484601629149,1.017334061526e-09,4.832316622049797
1.02381347264e-09,4.312064630520717,1.024087805087e-09,4.151686560446257,1.015758135946e-09,4.892622724831162,1.017975242692e-09,4.805777711002479
1.024332835495e-09,4.266504480380444,1.024751574288e-09,4.095918350597836,1.016442257078e-09,4.879449254597,1.018633054194e-09,4.772855421984828
1.024828878862e-09,4.225067923818139,1.025477779574e-09,4.040111636924131,1.017198198581e-09,4.859686630787241,1.019190144621e-09,4.740564714969197
1.025409470116e-09,4.179268685606581,1.026279822265e-09,3.984206064162574,1.017971188624e-09,4.8330269322999,1.019684546754e-09,4.708739736619046
1.026124908951e-09,4.126841282936027,1.027298528954e-09,3.920549390816094,1.018779139807e-09,4.797770541794371,1.020166017191e-09,4.675173754991804
1.026928185236e-09,4.073037611127462,1.02831412065e-09,3.8638680759188,1.019397389674e-09,4.765751263859833,1.020657010566e-09,4.638682293548696
1.027825096279e-09,4.018656227117584,1.029486382548e-09,3.805300138810105,1.019921776333e-09,4.735372587188539,1.021172253295e-09,4.598364911269297
1.028987576337e-09,3.955652825258805,1.030463171229e-09,3.76123703592231,1.020427050397e-09,4.703583523885306,1.021730843654e-09,4.552866667838219
1.030214287424e-09,3.896601303655787,1.03188506434e-09,3.703459700081127,1.020940271132e-09,4.669105040114438,1.022375841159e-09,4.498828619555161
1.031536556615e-09,3.839832710006649,1.032598348548e-09,3.677014963027203,1.021477020156e-09,4.631099115315565,1.023294237525e-09,4.421149207451926
1.03241577861e-09,3.805452464488112,1.034024916964e-09,3.628357105270592,1.022054927202e-09,4.588472716694044,1.023890001744e-09,4.37141728301102
1.033182654884e-09,3.777366878692008,1.034675978816e-09,3.607874609940427,1.022711645291e-09,4.538603935496767,1.024467794453e-09,4.324770938732033
1.033886913644e-09,3.752980423361141,1.035978102519e-09,3.569678204073031,1.023573645258e-09,4.472226933794495,1.024995183732e-09,4.284134248053898
1.035295431165e-09,3.707775715521204,1.036601805874e-09,3.552598411419943,1.024243533138e-09,4.420845767028317,1.025531513919e-09,4.244957407934215
1.035895117948e-09,3.689879841567355,1.037849212583e-09,3.520497066575315,1.024951472634e-09,4.367922033401014,1.026159290162e-09,4.201906507843345
1.037094491514e-09,3.656200121866987,1.038533097103e-09,3.503983728909575,1.025549975715e-09,4.325067426873676,1.026924949172e-09,4.153394854115849
1.037687904009e-09,3.640512765659481,1.039900866141e-09,3.472986885191848,1.026100325528e-09,4.287599512501985,1.027810477229e-09,4.102413677322367
1.038874729001e-09,3.610855364121991,1.04048083032e-09,3.460615729371098,1.026695147216e-09,4.249349981486935,1.028843579634e-09,4.049042078890609
1.039503032355e-09,3.596026195338987,1.041640758678e-09,3.437107158856036,1.027408282913e-09,4.206567573802971,1.030319582112e-09,3.981968232774476
1.040759639065e-09,3.567979803685579,1.042491135546e-09,3.420854936863161,1.028265008692e-09,4.159427423826389,1.030595724473e-09,3.97050127986498
1.041411242488e-09,3.55423418953465,1.043608817345e-09,3.400664428032242,1.029263222422e-09,4.109862311157174,1.031148009195e-09,3.948350803578931
1.042714449332e-09,3.528205712054527,1.044687708486e-09,3.382362069505584,1.030512022466e-09,4.054760275776761,1.032252578638e-09,3.906852399741276
1.043661660137e-09,3.510430492590219,1.04575645534e-09,3.365320215811799,1.030794237462e-09,4.043277814348964,1.03347274565e-09,3.864897396061497
1.044761502981e-09,3.49090141537015,1.04687214799e-09,3.348629033145363,1.031358667454e-09,4.021168101768887,1.034167365931e-09,3.842666820413347
1.0458273458e-09,3.47303879861847,1.048436073995e-09,3.327016494943875,1.032487527438e-09,3.979946209518737,1.035556606493e-09,3.801282858593641
1.046866282238e-09,3.456574226693912,1.049218036997e-09,3.316963314108256,1.033501218777e-09,3.945935584778363,1.036124271954e-09,3.785473449161243
1.047921772332e-09,3.440755299658497,1.05e-09,3.307387283262375,1.034175597274e-09,3.924712725499496,1.037259602876e-09,3.755524059750613
1.049024563889e-09,3.425160788796247,1.05019549075e-09,3.305071007490186,1.035524354269e-09,3.885132733665954,1.037818064666e-09,3.741560653462247
1.05e-09,3.412132186257149,1.050424954727e-09,3.302366646745708,1.036087693778e-09,3.869653215565037,1.038934988245e-09,3.714989915835416
1.050243859027e-09,3.408996588841076,1.050678813367e-09,3.299409283779925,1.037214372796e-09,3.840313870592483,1.039556271501e-09,3.700946992160699
1.050514352239e-09,3.405543649699625,1.05091585636e-09,3.296693683444485,1.037758403024e-09,3.826875029149786,1.040798838013e-09,3.674272951865878
1.050833358701e-09,3.401534444233212,1.051389942345e-09,3.29142458514006,1.03884646348e-09,3.801268288004463,1.041415509394e-09,3.661694631276422
1.051133763261e-09,3.397840798962638,1.052292517974e-09,3.28202827807931,1.039431338782e-09,3.788164858274159,1.042648852158e-09,3.63771105934841
1.051734572382e-09,3.390731907736238,1.053742417432e-09,3.268572245392019,1.040601089386e-09,3.763202581742104,1.043530070632e-09,3.621468160815831
1.052831135788e-09,3.378738070427379,1.05436310764e-09,3.263388819012695,1.041186279755e-09,3.7513038670656,1.044550417625e-09,3.603511683094587
1.053318610484e-09,3.373804415755346,1.055604488056e-09,3.253891044975817,1.042356660494e-09,3.728564436922947,1.045565839008e-09,3.586480294842119
1.054293559876e-09,3.364607640515299,1.056543814866e-09,3.247385664031984,1.043174629973e-09,3.713455080477635,1.046658509512e-09,3.569016832144869
1.054912090062e-09,3.3592041008909,1.057822836411e-09,3.239325170180523,1.044118437086e-09,3.696755138395654,1.047781000319e-09,3.551942796863055
1.056149150435e-09,3.349265305532717,1.059142480354e-09,3.231840445612066,1.04504533393e-09,3.68106317766484,1.048874298938e-09,3.536101882089199
1.057016525501e-09,3.342921987740115,1.060565270353e-09,3.224582814296766,1.046034235472e-09,3.665037222171632,1.05e-09,3.520556912523547
1.05812479904e-09,3.335470574227585,1.062074790704e-09,3.217673832505884,1.047065851829e-09,3.649047952054311,1.050281425265e-09,3.516802242553023
1.059370402138e-09,3.327864046505803,1.063431619691e-09,3.2120690127428,1.048532925914e-09,3.627477387570336,1.050572097552e-09,3.512951698367434
1.060679859246e-09,3.32063506875265,1.065210614424e-09,3.205455559221174,1.05e-09,3.607164853936716,1.050923308557e-09,3.508372889595028
1.062066131208e-09,3.313728809296167,1.066804864344e-09,3.200144297716791,1.050366768521e-09,3.602305135060567,1.051261321727e-09,3.504067490576624
1.063538906454e-09,3.307121998932508,1.06839500439e-09,3.195345324001054,1.05071468356e-09,3.597742261832187,1.051937348067e-09,3.495808884284252
1.0651193845e-09,3.30075529154348,1.070136462049e-09,3.19057866025246,1.051124367798e-09,3.592478106696683,1.053077875427e-09,3.482967410784465
1.066538601019e-09,3.295596036253991,1.072006511333e-09,3.185946291400832,1.051558709899e-09,3.587061925897594,1.05354227223e-09,3.478123596688696
1.068407085517e-09,3.289486460723207,1.074020387915e-09,3.181435045612166,1.0524273941e-09,3.576804555724881,1.054471065838e-09,3.469049640995996
1.070081311724e-09,3.284584636186548,1.076219332168e-09,3.176983250890923,1.053740792697e-09,3.562730955219523,1.055038758261e-09,3.463881327424382
1.071750571931e-09,3.280160611162808,1.078632136888e-09,3.172569548040832,1.054244947383e-09,3.557771410806172,1.056174143108e-09,3.454300289335395
1.073578661098e-09,3.275769341223988,1.081291914453e-09,3.168168882898461,1.055253256754e-09,3.548512758834127,1.056928963048e-09,3.44844300094891
1.075540935483e-09,3.271506022301406,1.084244328343e-09,3.163739196601639,1.055875323187e-09,3.543210110457191,1.0578695762e-09,3.441652974739196
1.07765296479e-09,3.267358267384898,1.087546860722e-09,3.159225192140724,1.057119456052e-09,3.533423686523745,1.058900202944e-09,3.434794463852151
1.079958198231e-09,3.263267797286951,1.091274487703e-09,3.154550750378387,1.057958416053e-09,3.52738924592949,1.060105696147e-09,3.427456581520776
1.082487114659e-09,3.259213460470983,1.095529729693e-09,3.149606522333924,1.059008398437e-09,3.520404767155227,1.061344285608e-09,3.420599069512177
1.085274871591e-09,3.255170695871628,1.100457686257e-09,3.144231916507277,1.060154532667e-09,3.513424186233028,1.062657262976e-09,3.413994430164032
1.088370070265e-09,3.251099199510924,1.106273909123e-09,3.138181035364475,1.061350430138e-09,3.506778242451145,1.064039194038e-09,3.407691970568749
1.091834011819e-09,3.246946470531746,  ,  ,1.062600417278e-09,3.500449274969682,1.065512153161e-09,3.401615241173139
1.095746752103e-09,3.242640809169715,  ,  ,1.06391265295e-09,3.494405770628962,1.067090991324e-09,3.395740831968332
1.100217869586e-09,3.238079772572182,  ,  ,1.065301087884e-09,3.488601677054315,1.068509205258e-09,3.390959964267079
1.10540262457e-09,3.233113401049976,  ,  ,1.066780279169e-09,3.483004280837127,1.070369411937e-09,3.385297232931775
  ,  ,  ,  ,1.068366897469e-09,3.477587142615354,1.072037265314e-09,3.380732558162787
  ,  ,  ,  ,1.069792272084e-09,3.473177148977327,1.073697576962e-09,3.376605046918928
  ,  ,  ,  ,1.07165899861e-09,3.467961837722449,1.075510354648e-09,3.372507097370502
  ,  ,  ,  ,1.073333097753e-09,3.463757607733428,1.077450118976e-09,3.368528127693228
  ,  ,  ,  ,1.074998557304e-09,3.45995990139197,1.079530684079e-09,3.364658634291394
  ,  ,  ,  ,1.076814771388e-09,3.456195957225923,1.081792760018e-09,3.360846967081518
  ,  ,  ,  ,1.078755908032e-09,3.452548279555278,1.084263663245e-09,3.357076813079936
  ,  ,  ,  ,1.080835330265e-09,3.449008797539117,1.086974312347e-09,3.353330203889144
  ,  ,  ,  ,1.083093169945e-09,3.445531184453538,1.089967236298e-09,3.34957679535813
  ,  ,  ,  ,1.085556069018e-09,3.442101818639593,1.093294968711e-09,3.345778265263558
  ,  ,  ,  ,1.088254052051e-09,3.438706146861556,1.097024487156e-09,3.341883584528563
  ,  ,  ,  ,1.091228369644e-09,3.435319221892006,1.101245048114e-09,3.337821439670821
  ,  ,  ,  ,1.094529663869e-09,3.431910123864215,1.106078819217e-09,3.333490608612662
  ,  ,  ,  ,1.098221982107e-09,3.428438300997821,  ,  
  ,  ,  ,  ,1.102389823969e-09,3.424847788448864,  ,  
  ,  ,  ,  ,1.107147254371e-09,3.421060446228996,  ,  
